Customer_ID,Gender,Age,Region,State,City,Customer_Segment,Senior_Citizen,Dependents,Household_Size,Customer_Since_Date,Contract_Start_Date,Contract_End_Date,Contract_Type,Number_of_Lines,Device_Type,Device_Age_Months,Internet_Service,Internet_Plan,Voice_Service,SMS_Plan,International_Calling,Roaming,Streaming_Service,Payment_Method,Billing_Method,Churn_Status,Churn_Date,Churn_Reason,Churn_Category,Competitor_Available,Preferred_Competitor
NXT-109929,Female,38,North,Sokoto,"Sokoto City",Consumer,No,Yes,2,2025-04-26,2025-04-26,2025-05-26,Month-to-Month,3,Smartphone,24,5G,"Premium 60GB",Prepaid,"Bundled 500",No,No,No,"Mobile Wallet","Paper Bill",Churned,2025-07-16,"Poor customer service experience",Service,No,
NXT-113840,Male,51,Central,Kogi,Lokoja,SME,No,Yes,1,2023-10-13,2023-10-13,2024-10-12,One-Year,1,"Mobile Router",5,5G,"Basic 10GB",Postpaid,Unlimited,Yes,No,No,"Mobile Wallet","SMS Bill",Active,NULL,,,Yes,"AirLink Mobile"
NXT-110472,Male,56,West,Lagos,Lekki,SME,No,No,1,2023-04-08,2023-04-08,2023-05-08,Month-to-Month,1,Smartphone,12,None,None,Postpaid,Unlimited,No,Yes,No,Auto-Debit,E-Bill,Active,NULL,,,Yes,MTN-X
NXT-108960,Female,35,East,Imo,Owerri,Consumer,No,No,2,2024-04-09,2024-04-09,2024-05-09,Month-to-Month,1,"Mobile Router",7,"4G LTE","Standard 30GB",Prepaid,"Bundled 2000",No,No,No,"Mobile Wallet",E-Bill,Active,NULL,,,No,
NXT-105867,Female,58,Central,Niger,Minna,Consumer,No,No,2,2023-10-31,2023-10-31,2023-11-30,Month-to-Month,3,"Mobile Router",7,"4G LTE","Standard 30GB",Prepaid,Pay-as-you-go,No,No,Yes,Cash,E-Bill,Active,NULL,,,Yes,"AirLink Mobile"
NXT-101938,Female,61,North,Sokoto,"Sokoto City",Consumer,Yes,No,2,2025-01-29,2025-01-29,2026-01-29,One-Year,2,Smartphone,2,"4G LTE","Premium 60GB",Prepaid,Pay-as-you-go,Yes,No,No,"Mobile Wallet",E-Bill,Active,NULL,,,Yes,"Zenith Connect"
NXT-112199,Female,58,North,Kaduna,"Kaduna City",Consumer,No,Yes,5,2024-01-21,2024-01-21,2024-02-20,Month-to-Month,2,Smartphone,52,Fiber,Unlimited,Prepaid,Pay-as-you-go,No,No,Yes,"Bank Transfer","Paper Bill",Active,NULL,,,Yes,"Zenith Connect"
NXT-101407,Female,41,East,Abia,Aba,Enterprise,No,Yes,1,2023-11-23,2023-11-23,2023-12-23,Month-to-Month,11,Smartphone,0,5G,"Premium 60GB",Prepaid,"Bundled 500",No,No,No,"Debit Card","SMS Bill",Churned,2024-12-17,,Network,Yes,"Zenith Connect"
NXT-104611,Female,25,West,Ondo,Akure,Consumer,No,No,2,2023-10-24,2023-10-24,2023-11-23,Month-to-Month,2,Smartphone,9,5G,"Basic 10GB",Prepaid,"Bundled 500",No,No,No,Cash,E-Bill,Churned,2025-01-10,"Poor customer service experience",Service,No,
NXT-105350,Male,24,East,Imo,Owerri,Consumer,No,Yes,4,2025-03-13,2025-03-13,2026-03-13,One-Year,1,Smartphone,60,Fiber,"Standard 30GB",Postpaid,Unlimited,No,No,No,"Debit Card","SMS Bill",Active,NULL,,,No,
NXT-111363,Male,18,North,Kaduna,"Kaduna City",Consumer,No,No,1,2024-02-04,2024-02-04,2025-02-03,One-Year,3,Smartphone,14,None,None,Prepaid,Pay-as-you-go,No,No,Yes,USSD,E-Bill,Active,NULL,,,Yes,"AirLink Mobile"
NXT-108006,Male,63,South,"Akwa Ibom",Uyo,Consumer,Yes,Yes,NULL,2024-08-24,2024-08-24,2024-09-23,Month-to-Month,1,Smartphone,0,5G,"Basic 10GB",Prepaid,Unlimited,No,No,No,Auto-Debit,"Paper Bill",Churned,2025-03-22,"Poor call quality",Network,Yes,"AirLink Mobile"
NXT-101327,Male,41,Central,Kogi,Lokoja,SME,No,Yes,1,2025-01-06,2025-01-06,2025-02-05,Month-to-Month,2,Smartphone,24,"4G LTE","Standard 30GB",Postpaid,"Bundled 2000",Yes,No,Yes,"Debit Card",E-Bill,Active,NULL,,,Yes,"Zenith Connect"
NXT-114572,Female,56,Central,Niger,Minna,Enterprise,No,No,1,2023-10-18,2023-10-18,2024-10-17,One-Year,8,"MiFi Device",12,None,None,Postpaid,Pay-as-you-go,Yes,No,No,"Mobile Wallet","SMS Bill",Churned,2025-02-28,"Family/friends referral to competitor",Competitor,Yes,"9Wave Telecom"
NXT-112851,Female,28,West,Oyo,Ibadan,Consumer,No,No,1,2023-10-08,2023-10-08,2025-10-07,Two-Year,3,"Mobile Router",4,None,None,Prepaid,"Bundled 500",Yes,No,No,Auto-Debit,E-Bill,Churned,2025-11-27,"Device incompatibility",Other,No,
NXT-100645,Female,38,Central,Kogi,Lokoja,SME,No,No,1,2023-02-22,2023-02-22,2025-02-21,Two-Year,1,"MiFi Device",30,DSL,"Standard 30GB",Prepaid,"Bundled 500",No,No,No,Auto-Debit,E-Bill,Active,NULL,,,Yes,MTN-X
NXT-107034,Female,18,East,Imo,Owerri,Consumer,No,Yes,2,2023-03-12,2023-03-12,2025-03-11,Two-Year,3,Tablet,10,None,None,Prepaid,"Bundled 500",No,No,No,"Bank Transfer",E-Bill,Active,NULL,,,Yes,"9Wave Telecom"
NXT-110055,Female,36,North,Kaduna,Zaria,Consumer,No,No,3,2024-04-15,2024-04-15,2024-05-15,Month-to-Month,1,Smartphone,NULL,Fiber,"Premium 60GB",Postpaid,Pay-as-you-go,No,No,No,"Debit Card",E-Bill,Active,NULL,,,No,
NXT-107195,Female,41,North,Kaduna,Zaria,Consumer,No,No,3,2025-02-01,2025-02-01,2027-02-01,Two-Year,4,Smartphone,9,None,None,Prepaid,Pay-as-you-go,Yes,No,No,"Mobile Wallet",E-Bill,Active,NULL,,,Yes,"9Wave Telecom"
NXT-112244,Female,37,East,Imo,Owerri,Consumer,No,No,2,2024-08-28,2024-08-28,2025-08-28,One-Year,5,Smartphone,11,Fiber,Unlimited,Prepaid,None,No,No,No,"Mobile Wallet",E-Bill,Active,NULL,,,No,
NXT-103595,Male,43,Central,Plateau,Jos,Consumer,No,No,2,2024-02-12,2024-02-12,2025-02-11,One-Year,1,"Mobile Router",11,DSL,Unlimited,Prepaid,"Bundled 500",No,No,No,USSD,"SMS Bill",Active,NULL,,,Yes,MTN-X
NXT-109961,Female,46,Central,Kogi,Lokoja,SME,No,No,1,2024-01-29,2024-01-29,2024-02-28,Month-to-Month,2,"MiFi Device",2,Fiber,"Basic 10GB",Postpaid,Pay-as-you-go,No,No,No,"Debit Card",E-Bill,Active,NULL,,,Yes,"Zenith Connect"
NXT-104293,Female,37,West,Oyo,Ibadan,Consumer,No,No,NULL,2025-04-24,2025-04-24,2027-04-24,Two-Year,1,Smartphone,5,"4G LTE","Standard 30GB",Prepaid,Pay-as-you-go,Yes,No,Yes,Cash,"SMS Bill",Active,NULL,,,Yes,MTN-X
NXT-110921,Male,32,West,Ondo,Akure,Consumer,No,Yes,3,2024-10-29,2024-10-29,2025-10-29,One-Year,1,Smartphone,24,Fiber,"Standard 30GB",Prepaid,None,No,No,Yes,"Mobile Wallet","SMS Bill",Active,NULL,,,Yes,"Globacom Prime"
NXT-112119,Male,24,West,Ogun,Abeokuta,Enterprise,No,Yes,1,2024-08-11,2024-08-11,2025-08-11,One-Year,9,Smartphone,7,"4G LTE","Basic 10GB",Postpaid,"Bundled 500",No,Yes,No,USSD,E-Bill,Active,NULL,,,No,
NXT-103468,Male,28,North,Sokoto,"Sokoto City",Consumer,No,No,1,2023-09-14,2023-09-14,2024-09-13,One-Year,1,Smartphone,21,Fiber,"Standard 30GB",Prepaid,"Bundled 500",No,No,No,USSD,"Paper Bill",Churned,2023-12-15,"Poor call quality",Network,Yes,"Globacom Prime"
NXT-102057,Male,20,West,Ondo,Akure,Consumer,No,Yes,2,2023-07-29,2023-07-29,2023-08-28,Month-to-Month,2,Smartphone,7,"4G LTE","Standard 30GB",Postpaid,Pay-as-you-go,No,Yes,No,NULL,"SMS Bill",Churned,2024-01-01,"Unexpected billing charges",Price,Yes,"Zenith Connect"
NXT-103435,Male,29,North,Kaduna,Zaria,SME,No,No,1,2023-10-01,2023-10-01,2023-10-31,Month-to-Month,3,"MiFi Device",38,Fiber,"Basic 10GB",Prepaid,"Bundled 2000",No,No,No,USSD,E-Bill,Active,NULL,,,Yes,"AirLink Mobile"
NXT-105678,Female,41,East,Anambra,Awka,Consumer,No,No,2,2023-04-25,2023-04-25,2024-04-24,One-Year,1,Smartphone,6,"4G LTE","Standard 30GB",Prepaid,Unlimited,No,No,Yes,"Mobile Wallet",E-Bill,Churned,2024-01-18,"Competitor offered better plan",Competitor,No,
NXT-112453,Male,38,West,Ogun,Abeokuta,Consumer,No,No,3,2024-06-22,2024-06-22,2025-06-22,One-Year,1,Tablet,22,"4G LTE","Premium 60GB",Prepaid,Pay-as-you-go,No,No,No,Auto-Debit,E-Bill,Active,NULL,,,No,
NXT-114774,Male,50,West,Ondo,Akure,Consumer,No,No,4,2023-05-12,2023-05-12,2025-05-11,Two-Year,1,"MiFi Device",11,Fiber,"Standard 30GB",Postpaid,"Bundled 2000",No,No,No,Cash,E-Bill,Active,NULL,,,No,
NXT-112234,Male,37,Central,Plateau,Jos,SME,No,No,1,2025-03-29,2025-03-29,2025-04-28,Month-to-Month,1,"MiFi Device",41,Fiber,"Premium 60GB",Postpaid,Pay-as-you-go,No,No,No,"Debit Card",E-Bill,Active,NULL,,,Yes,"AirLink Mobile"
NXT-104144,Female,20,East,Imo,Owerri,Consumer,No,No,2,2024-07-09,2024-07-09,2025-07-09,One-Year,1,Smartphone,9,5G,"Standard 30GB",Prepaid,None,No,No,Yes,Auto-Debit,E-Bill,Active,NULL,,,No,
NXT-104858,Female,35,West,Oyo,Ibadan,SME,No,Yes,1,2024-03-05,2024-03-05,2024-04-04,Month-to-Month,2,Smartphone,12,None,None,Postpaid,"Bundled 500",Yes,No,Yes,Cash,"Paper Bill",Active,NULL,,,Yes,"Zenith Connect"
NXT-114715,Female,28,South,Delta,Asaba,Consumer,No,No,2,2024-02-19,2024-02-19,2026-02-18,Two-Year,1,Tablet,28,DSL,"Basic 10GB",Prepaid,"Bundled 2000",No,No,No,"Debit Card","SMS Bill",Churned,2025-01-09,"Switched to competitor promotion",Competitor,Yes,"AirLink Mobile"
NXT-101925,Female,24,South,"Akwa Ibom",Uyo,Consumer,No,No,3,2024-03-13,2024-03-13,2024-04-12,Month-to-Month,2,"MiFi Device",23,"4G LTE",Unlimited,Prepaid,"Bundled 500",No,No,Yes,Auto-Debit,E-Bill,Churned,2025-03-01,"Long resolution time for complaints",Service,Yes,"Zenith Connect"
NXT-104254,Male,55,Central,Kogi,Lokoja,Consumer,No,No,5,2024-07-18,2024-07-18,2026-07-18,Two-Year,1,"Mobile Router",15,Fiber,"Premium 60GB",Prepaid,Pay-as-you-go,No,No,No,"Bank Transfer","Paper Bill",Active,NULL,,,No,
NXT-112443,Male,34,Central,Plateau,Jos,Consumer,No,No,1,2025-01-03,2025-01-03,2026-01-03,One-Year,1,Smartphone,32,Fiber,"Standard 30GB",Prepaid,Pay-as-you-go,Yes,Yes,No,Auto-Debit,E-Bill,Active,NULL,,,Yes,"Zenith Connect"
NXT-110247,Female,38,North,Kaduna,Zaria,Consumer,No,No,2,2023-12-02,2023-12-02,2024-12-01,One-Year,1,Smartphone,4,DSL,"Premium 60GB",Prepaid,Pay-as-you-go,No,No,No,USSD,E-Bill,Active,NULL,,,No,
NXT-101253,Male,41,South,Delta,Warri,SME,No,Yes,1,2024-08-31,2024-08-31,2026-08-31,Two-Year,1,"MiFi Device",26,"4G LTE","Premium 60GB",Prepaid,"Bundled 2000",No,No,Yes,"Mobile Wallet",E-Bill,Churned,2025-11-07,"Unresolved technical issue",Service,Yes,"AirLink Mobile"
NXT-108599,Female,24,North,Sokoto,"Sokoto City",Consumer,No,No,2,2024-05-04,2024-05-04,2025-05-04,One-Year,1,"MiFi Device",0,5G,"Standard 30GB",Prepaid,"Bundled 2000",No,No,No,USSD,"SMS Bill",Active,NULL,,,No,
NXT-114098,Male,46,West,Oyo,Ibadan,Consumer,No,Yes,3,2025-01-07,2025-01-07,2025-02-06,Month-to-Month,1,"Mobile Router",7,None,None,Prepaid,"Bundled 500",Yes,No,Yes,Cash,"Paper Bill",Active,NULL,,,Yes,"9Wave Telecom"
NXT-107608,Female,46,South,"Cross River",Calabar,Consumer,No,No,2,2025-03-12,2025-03-12,2025-04-11,Month-to-Month,1,"Feature Phone",14,None,None,Prepaid,"Bundled 500",Yes,No,No,Cash,E-Bill,Active,NULL,,,Yes,"AirLink Mobile"
NXT-101686,Male,18,Central,FCT,Abuja,Enterprise,No,No,1,2023-03-26,2023-03-26,2023-04-25,Month-to-Month,8,Smartphone,5,"4G LTE","Premium 60GB",Prepaid,"Bundled 500",No,No,Yes,USSD,E-Bill,Churned,2023-07-22,"Poor customer service experience",Service,Yes,"AirLink Mobile"
NXT-110361,Female,45,East,Abia,Aba,Consumer,No,Yes,2,2024-11-15,2024-11-15,2025-11-15,One-Year,3,Smartphone,13,Fiber,"Standard 30GB",Prepaid,"Bundled 500",No,No,Yes,Cash,E-Bill,Churned,2025-06-18,"Monthly charges too high",Price,Yes,"9Wave Telecom"
NXT-114787,Male,56,East,Imo,Owerri,Consumer,No,No,3,2024-04-01,2024-04-01,2024-05-01,Month-to-Month,1,"Mobile Router",14,Fiber,"Basic 10GB",Prepaid,Pay-as-you-go,No,No,Yes,USSD,E-Bill,Churned,2024-11-22,"Family/friends referral to competitor",Competitor,No,
NXT-110427,Female,48,East,Abia,Aba,Consumer,No,No,1,2024-01-02,2024-01-02,2024-02-01,Month-to-Month,1,Tablet,5,DSL,"Premium 60GB",None,"Bundled 500",No,Yes,No,"Debit Card",E-Bill,Active,NULL,,,Yes,"AirLink Mobile"
NXT-110776,Female,29,Central,Kogi,Lokoja,SME,No,Yes,1,2024-01-08,2024-01-08,2024-02-07,Month-to-Month,1,"MiFi Device",1,DSL,"Basic 10GB",Postpaid,Unlimited,No,No,No,"Mobile Wallet",E-Bill,Active,NULL,,,No,
NXT-105916,Female,64,West,Ondo,Akure,Consumer,Yes,No,2,2024-02-15,2024-02-15,2025-02-14,One-Year,1,"MiFi Device",3,"4G LTE","Standard 30GB",Prepaid,None,Yes,No,No,"Mobile Wallet",E-Bill,Active,NULL,,,No,
NXT-101488,Female,33,South,Rivers,"Port Harcourt",Consumer,No,Yes,2,2025-03-11,2025-03-11,2027-03-11,Two-Year,1,Smartphone,23,None,None,Postpaid,"Bundled 500",No,No,No,NULL,E-Bill,Active,NULL,,,Yes,"9Wave Telecom"
NXT-104176,Male,NULL,Central,Kogi,Lokoja,Consumer,No,No,1,2023-12-21,2023-12-21,2024-12-20,One-Year,2,"Feature Phone",3,Fiber,"Premium 60GB",Prepaid,Unlimited,Yes,No,No,"Bank Transfer","Paper Bill",Active,NULL,,,No,
NXT-113353,Male,36,East,Anambra,Awka,Consumer,No,No,2,2023-12-17,2023-12-17,2024-12-16,One-Year,1,"Mobile Router",0,"4G LTE","Premium 60GB",Postpaid,None,Yes,No,Yes,"Debit Card","Paper Bill",Active,NULL,,,Yes,"Zenith Connect"
NXT-107331,Female,37,Central,Kogi,Lokoja,SME,No,No,1,2023-12-11,2023-12-11,2024-12-10,One-Year,1,Smartphone,19,"4G LTE","Standard 30GB",Prepaid,Pay-as-you-go,No,No,No,Auto-Debit,"SMS Bill",Active,NULL,,,No,
NXT-100702,Female,18,North,Kaduna,Zaria,Consumer,No,Yes,2,2023-10-15,2023-10-15,2025-10-14,Two-Year,1,"Mobile Router",17,DSL,"Basic 10GB",Postpaid,Pay-as-you-go,No,No,No,Cash,E-Bill,Churned,2025-09-09,"Unexpected billing charges",Price,Yes,MTN-X
NXT-110320,Male,47,Central,FCT,Abuja,Consumer,No,No,2,2024-03-13,2024-03-13,2024-04-12,Month-to-Month,1,Smartphone,8,5G,"Basic 10GB",Postpaid,"Bundled 2000",No,No,No,Auto-Debit,E-Bill,Churned,2025-05-11,"Competitor offered better plan",Competitor,Yes,
NXT-103230,Female,28,South,"Cross River",Calabar,Consumer,No,No,2,2023-07-30,2023-07-30,2023-08-29,Month-to-Month,2,"Mobile Router",13,Fiber,"Premium 60GB",Prepaid,"Bundled 500",No,No,Yes,"Debit Card","SMS Bill",Active,NULL,,,Yes,"Zenith Connect"
NXT-109608,Female,26,South,"Akwa Ibom",Uyo,Consumer,No,Yes,2,2024-06-02,2024-06-02,2024-07-02,Month-to-Month,1,Smartphone,4,Dsl,"Standard 30GB",Postpaid,Unlimited,No,No,Yes,Cash,E-Bill,Active,NULL,,,Yes,"AirLink Mobile"
NXT-108388,Female,39,Central,FCT,Abuja,Consumer,No,No,1,2023-09-07,2023-09-07,2023-10-07,Month-to-Month,1,"Feature Phone",15,Fiber,Unlimited,Prepaid,"Bundled 2000",No,No,Yes,Cash,E-Bill,Active,NULL,,,Yes,MTN-X
NXT-113171,Female,47,North,Kaduna,Zaria,Consumer,No,Yes,4,2023-11-29,2023-11-29,2024-11-28,One-Year,2,Smartphone,5,5G,"Standard 30GB",Prepaid,"Bundled 500",No,No,Yes,USSD,E-Bill,Active,NULL,,,Yes,"AirLink Mobile"
NXT-111806,Female,40,East,Abia,Aba,Consumer,No,Yes,2,2024-01-05,2024-01-05,2026-01-04,Two-Year,2,"Feature Phone",2,DSL,"Standard 30GB",Postpaid,"Bundled 500",No,No,Yes,USSD,E-Bill,Active,NULL,,,Yes,"AirLink Mobile"
NXT-108441,Female,30,North,Katsina,"Katsina City",Consumer,No,No,2,2023-10-03,2023-10-03,2023-11-02,Month-to-Month,2,Smartphone,1,"4G LTE","Premium 60GB",Postpaid,"Bundled 500",Yes,No,No,Auto-Debit,"SMS Bill",Active,NULL,,,Yes,"9Wave Telecom"
NXT-105449,Female,48,West,Oyo,Ibadan,Consumer,No,Yes,1,2024-07-06,2024-07-06,2024-08-05,Month-to-Month,1,Smartphone,18,5G,"Standard 30GB",Prepaid,"Bundled 2000",No,No,Yes,"Debit Card",E-Bill,Active,NULL,,,No,
NXT-100322,Female,18,West,Ogun,Abeokuta,Consumer,No,No,3,2024-02-18,2024-02-18,2025-02-17,One-Year,1,"Feature Phone",9,"4G LTE","Premium 60GB",Prepaid,"Bundled 2000",No,No,No,USSD,E-Bill,Active,NULL,,,No,
NXT-100968,Female,32,Central,Niger,Minna,Consumer,No,No,3,2024-04-29,2024-04-29,2026-04-29,Two-Year,2,Smartphone,6,"4G LTE","Basic 10GB",Prepaid,Pay-as-you-go,No,No,Yes,USSD,E-Bill,Active,NULL,,,Yes,"Zenith Connect"
NXT-108529,Female,42,West,Oyo,Ibadan,Consumer,No,No,3,2024-02-02,2024-02-02,2026-02-01,Two-Year,2,Smartphone,9,DSL,Unlimited,Prepaid,"Bundled 2000",No,Yes,No,Cash,"SMS Bill",Active,NULL,,,Yes,"AirLink Mobile"
NXT-113658,Female,43,North,Kano,Wudil,Consumer,No,No,2,2023-02-21,2023-02-21,2025-02-20,Two-Year,1,Smartphone,0,"4G LTE","Standard 30GB",Postpaid,None,No,No,No,USSD,E-Bill,Active,NULL,,,Yes,"AirLink Mobile"
NXT-102481,Female,18,West,Lagos,"Lagos Island",Consumer,No,Yes,5,2024-12-07,2024-12-07,2025-01-06,Month-to-Month,1,Smartphone,3,DSL,"Basic 10GB",Postpaid,"Bundled 2000",No,No,Yes,"Debit Card","Paper Bill",Active,NULL,,,Yes,"9Wave Telecom"
NXT-108260,Male,40,West,Lagos,"Lagos Island",SME,No,No,1,2024-06-19,2024-06-19,2024-07-19,Month-to-Month,1,"Mobile Router",36,"4G LTE",Unlimited,Postpaid,Pay-as-you-go,No,No,No,"Bank Transfer","Paper Bill",Active,NULL,,,Yes,"9Wave Telecom"
NXT-110792,Female,53,South,"Cross River",Calabar,Consumer,No,Yes,5,2024-01-12,2024-01-12,2025-01-11,One-Year,1,Smartphone,14,None,None,Postpaid,"Bundled 500",No,No,No,Auto-Debit,"SMS Bill",Active,NULL,,,Yes,"Globacom Prime"
NXT-113951,Male,35,Central,Kogi,Lokoja,SME,No,No,1,2023-05-10,2023-05-10,2025-05-09,Two-Year,1,Smartphone,5,"4G LTE","Premium 60GB",Postpaid,Unlimited,Yes,No,No,USSD,"Paper Bill",Active,NULL,,,No,
NXT-108365,Male,18,East,Anambra,Awka,Consumer,No,No,2,2025-08-23,2025-08-23,2025-09-22,Month-to-Month,3,Smartphone,26,Fiber,"Basic 10GB",Postpaid,Unlimited,No,No,No,USSD,"SMS Bill",Churned,2025-11-09,"Frequent network downtime",Network,Yes,"Globacom Prime"
NXT-108900,Female,28,West,Lagos,Lekki,SME,No,No,1,2024-06-26,2024-06-26,2024-07-26,Month-to-Month,1,Smartphone,5,None,None,Postpaid,"Bundled 2000",No,No,No,Cash,"SMS Bill",Active,NULL,,,Yes,"9Wave Telecom"
NXT-107412,Male,34,East,Enugu,"Enugu City",SME,No,Yes,1,2023-11-07,2023-11-07,2023-12-07,Month-to-Month,1,"MiFi Device",9,None,None,Prepaid,"Bundled 500",No,No,No,"Mobile Wallet",E-Bill,Churned,2025-11-18,"Found cheaper competitor plan",Price,No,
NXT-110920,Female,49,South,Rivers,"Port Harcourt",Consumer,No,Yes,2,2023-09-24,2023-09-24,2023-10-24,Month-to-Month,1,Smartphone,27,fiber,Unlimited,Prepaid,Pay-as-you-go,Yes,Yes,No,"Debit Card","SMS Bill",Active,NULL,,,No,
NXT-113310,Female,34,Central,Niger,Minna,SME,No,No,1,2023-09-07,2023-09-07,2024-09-06,One-Year,1,"Mobile Router",3,"4G LTE","Basic 10GB",Prepaid,"Bundled 2000",No,No,No,USSD,"Paper Bill",Active,NULL,,,Yes,"Globacom Prime"
NXT-105410,Female,37,West,Ondo,Akure,Consumer,No,No,3,2023-05-01,2023-05-01,2023-05-31,Month-to-Month,1,Smartphone,26,"4G Lte","Standard 30GB",Prepaid,Pay-as-you-go,No,No,No,USSD,"Paper Bill",Churned,2025-03-07,"Switched to competitor promotion",Competitor,Yes,"Zenith Connect"
NXT-106783,Male,18,North,Sokoto,"Sokoto City",Consumer,No,No,2,2024-04-12,2024-04-12,2025-04-12,One-Year,1,Smartphone,19,None,None,Prepaid,"Bundled 500",No,No,Yes,Cash,E-Bill,Churned,2025-10-18,"Monthly charges too high",Price,Yes,"9Wave Telecom"
NXT-105073,Female,31,Central,Niger,Minna,Consumer,No,Yes,3,2024-03-25,2024-03-25,2024-04-24,Month-to-Month,2,Smartphone,4,"4G LTE","Standard 30GB",Prepaid,Pay-as-you-go,No,No,No,USSD,"Paper Bill",Churned,2024-10-03,"Slow internet speed",Network,Yes,"Globacom Prime"
NXT-111044,Female,46,West,Ogun,Abeokuta,Consumer,No,No,1,2023-09-26,2023-09-26,2025-09-25,Two-Year,1,"Mobile Router",24,DSL,"Basic 10GB",Postpaid,"Bundled 2000",No,Yes,No,Auto-Debit,"SMS Bill",Active,NULL,,,Yes,MTN-X
NXT-110430,Female,34,South,"Akwa Ibom",Uyo,Consumer,No,Yes,4,2023-11-10,2023-11-10,2023-12-10,Month-to-Month,3,Smartphone,3,5G,"Standard 30GB",Postpaid,"Bundled 2000",No,No,Yes,Auto-Debit,E-Bill,Active,NULL,,,Yes,MTN-X
NXT-111794,Male,28,North,Sokoto,"Sokoto City",SME,No,No,1,2023-05-30,2023-05-30,2024-05-29,One-Year,2,"Mobile Router",23,Fiber,Unlimited,Prepaid,Unlimited,No,No,Yes,Auto-Debit,"SMS Bill",Churned,2024-09-17,"Unexpected billing charges",Price,Yes,"Globacom Prime"
NXT-104106,Male,31,South,Rivers,"Port Harcourt",Consumer,No,No,2,2025-02-28,2025-02-28,2026-02-28,One-Year,1,"Mobile Router",2,DSL,"Premium 60GB",Prepaid,"Bundled 500",No,No,No,"Debit Card","Paper Bill",Active,NULL,,,No,
NXT-100996,Female,26,Central,FCT,Abuja,Consumer,No,No,1,2024-11-06,2024-11-06,2026-11-06,Two-Year,2,Smartphone,1,Fiber,"Premium 60GB",Prepaid,Pay-as-you-go,No,No,No,Cash,"SMS Bill",Active,NULL,,,No,
NXT-112400,Female,40,East,Abia,Aba,Consumer,No,Yes,NULL,2023-06-06,2023-06-06,2023-07-06,Month-to-Month,3,Smartphone,20,"4G LTE","Basic 10GB",Prepaid,"Bundled 500",No,No,Yes,"Debit Card","SMS Bill",Churned,2024-08-18,"Frequent network downtime",Network,Yes,"9Wave Telecom"
NXT-102374,Female,40,West,Ogun,Abeokuta,SME,No,Yes,1,2023-05-17,2023-05-17,2023-06-16,Month-to-Month,1,Smartphone,0,"4G LTE",Unlimited,Postpaid,Pay-as-you-go,No,No,Yes,Auto-Debit,E-Bill,Churned,2025-02-09,"Competitor offered better plan",Competitor,Yes,MTN-X
NXT-109826,Female,52,East,Abia,Aba,Consumer,No,No,3,2023-04-26,2023-04-26,2024-04-25,One-Year,1,"Mobile Router",22,5G,"Basic 10GB",Prepaid,"Bundled 2000",No,No,Yes,"Debit Card","SMS Bill",Churned,2024-08-01,"Unexpected billing charges",Price,No,
NXT-107799,Male,52,West,Ondo,Akure,SME,No,Yes,1,2024-05-27,2024-05-27,2024-06-26,Month-to-Month,1,"Mobile Router",15,None,None,Prepaid,Pay-as-you-go,No,No,No,Cash,"SMS Bill",Active,NULL,,,No,
NXT-114985,Male,40,South,Delta,Warri,Consumer,No,No,3,2023-11-06,2023-11-06,2023-12-06,Month-to-Month,1,"Mobile Router",21,5G,"Basic 10GB",Postpaid,"Bundled 2000",Yes,No,Yes,USSD,"Paper Bill",Active,NULL,,,No,
NXT-100960,Female,39,Central,Kogi,Lokoja,SME,No,Yes,1,2024-06-01,2024-06-01,2024-07-01,Month-to-Month,3,Smartphone,10,"4G LTE","Standard 30GB",Prepaid,Pay-as-you-go,No,No,Yes,"Mobile Wallet","Paper Bill",Active,NULL,,,No,
NXT-102007,Male,59,East,Enugu,"Enugu City",SME,No,No,1,2023-09-12,2023-09-12,2025-09-11,Two-Year,1,"MiFi Device",3,Fiber,"Standard 30GB",Postpaid,"Bundled 500",No,No,Yes,Auto-Debit,"SMS Bill",Active,NULL,,,Yes,"9Wave Telecom"
NXT-113894,Male,60,Central,Kogi,Lokoja,Consumer,Yes,No,2,2023-10-06,2023-10-06,2025-10-05,Two-Year,1,Smartphone,5,"4G LTE","Premium 60GB",Prepaid,"Bundled 500",No,No,Yes,USSD,"Paper Bill",Active,NULL,,,No,
NXT-100034,Female,18,South,Rivers,"Port Harcourt",Consumer,No,Yes,2,2025-01-24,2025-01-24,2025-02-23,Month-to-Month,3,Smartphone,7,"4G LTE","Premium 60GB",Prepaid,Pay-as-you-go,No,No,No,"Mobile Wallet","Paper Bill",Active,NULL,,,Yes,"9Wave Telecom"
NXT-108495,Female,46,North,Katsina,"Katsina City",Consumer,No,No,3,2023-09-27,2023-09-27,2024-09-26,One-Year,1,Smartphone,38,dsl,Unlimited,Postpaid,"Bundled 2000",No,No,No,Cash,E-Bill,Active,NULL,,,Yes,"Globacom Prime"
NXT-103991,Female,32,Central,Plateau,Jos,SME,No,No,NULL,2025-01-10,2025-01-10,2027-01-10,Two-Year,1,"MiFi Device",1,"4G LTE","Premium 60GB",Postpaid,Pay-as-you-go,No,No,Yes,Auto-Debit,"Paper Bill",Active,NULL,,,No,
NXT-101044,Male,42,West,Ondo,Akure,SME,No,No,1,2024-10-02,2024-10-02,2025-10-02,One-Year,3,Smartphone,22,DSL,"Standard 30GB",Postpaid,"Bundled 500",Yes,No,No,"Bank Transfer",E-Bill,Active,NULL,,,Yes,MTN-X
NXT-113587,Female,44,North,Katsina,"Katsina City",Consumer,No,Yes,3,2024-10-30,2024-10-30,2025-10-30,One-Year,1,Smartphone,8,"4G Lte",Unlimited,Postpaid,"Bundled 500",No,No,Yes,"Mobile Wallet",E-Bill,Churned,2025-08-27,"Device incompatibility",Other,Yes,"Globacom Prime"
NXT-109442,Male,27,East,Abia,Aba,SME,No,Yes,1,2023-04-07,2023-04-07,2023-05-07,Month-to-Month,3,Smartphone,5,DSL,"Basic 10GB",Prepaid,Pay-as-you-go,No,No,No,Cash,E-Bill,Active,NULL,,,Yes,"Zenith Connect"
NXT-113901,Male,40,South,Rivers,"Port Harcourt",Consumer,No,No,3,2024-08-06,2024-08-06,2024-09-05,Month-to-Month,1,Smartphone,29,"4G LTE","Basic 10GB",Prepaid,"Bundled 500",No,No,No,Cash,E-Bill,Active,NULL,,,Yes,"Globacom Prime"
NXT-103249,Female,27,South,"Akwa Ibom",Uyo,Enterprise,No,Yes,1,2023-09-13,2023-09-13,2023-10-13,Month-to-Month,11,"Mobile Router",1,None,None,Prepaid,Unlimited,Yes,No,Yes,Cash,E-Bill,Active,NULL,,,No,
NXT-103323,Male,35,Central,Kogi,Lokoja,Consumer,No,No,1,2023-12-15,2023-12-15,2025-12-14,Two-Year,2,Smartphone,3,Fiber,Unlimited,Prepaid,Unlimited,No,No,No,"Debit Card",E-Bill,Active,NULL,,,No,
NXT-107110,Female,38,Central,Niger,Minna,Enterprise,No,Yes,1,2023-05-25,2023-05-25,2023-06-24,Month-to-Month,15,Tablet,6,DSL,"Standard 30GB",Postpaid,Pay-as-you-go,No,No,Yes,USSD,E-Bill,Active,NULL,,,No,
NXT-113234,Male,NULL,North,Kano,"Kano City",Consumer,No,Yes,1,2024-03-27,2024-03-27,2025-03-27,One-Year,2,"MiFi Device",0,"4G LTE","Basic 10GB",Prepaid,Pay-as-you-go,Yes,No,Yes,"Bank Transfer",E-Bill,Active,NULL,,,Yes,"9Wave Telecom"
NXT-114148,Female,57,North,Kano,"Kano City",Consumer,No,No,3,2024-08-30,2024-08-30,2025-08-30,One-Year,2,Smartphone,11,None,None,None,Pay-as-you-go,No,No,No,Auto-Debit,E-Bill,Active,NULL,,,Yes,"Zenith Connect"
NXT-105454,Male,27,Central,Niger,Minna,Consumer,No,No,4,2023-04-05,2023-04-05,2025-04-04,Two-Year,5,"Feature Phone",60,"4G LTE","Standard 30GB",Prepaid,Pay-as-you-go,No,Yes,No,"Mobile Wallet","SMS Bill",Churned,2024-01-22,"Found cheaper competitor plan",Price,No,
NXT-101760,Female,41,South,"Akwa Ibom",Uyo,Consumer,No,Yes,2,2023-03-21,2023-03-21,2024-03-20,One-Year,3,"Mobile Router",27,None,None,Postpaid,"Bundled 500",No,No,No,Cash,"Paper Bill",Active,NULL,,,No,
NXT-105817,Male,28,South,Delta,Asaba,Consumer,No,No,2,2023-07-23,2023-07-23,2025-07-22,Two-Year,2,Smartphone,22,None,None,None,"Bundled 2000",No,No,No,USSD,"Paper Bill",Active,NULL,,,No,
NXT-100185,Female,31,Central,Niger,Minna,Consumer,No,No,2,2024-05-16,2024-05-16,2024-06-15,Month-to-Month,4,Tablet,22,Dsl,"Standard 30GB",Prepaid,"Bundled 2000",No,No,No,Auto-Debit,E-Bill,Active,NULL,,,Yes,"AirLink Mobile"
NXT-100865,Female,50,South,"Cross River",Calabar,Consumer,No,No,6,2023-04-15,2023-04-15,2023-05-15,Month-to-Month,2,Smartphone,14,"4G LTE","Standard 30GB",Prepaid,Pay-as-you-go,Yes,No,Yes,Auto-Debit,E-Bill,Active,NULL,,,Yes,MTN-X
NXT-108557,Male,22,West,Ogun,Abeokuta,Consumer,No,No,1,2024-05-08,2024-05-08,2024-06-07,Month-to-Month,1,"Feature Phone",19,"4G LTE","Basic 10GB",Prepaid,Pay-as-you-go,No,No,No,"Mobile Wallet","SMS Bill",Active,NULL,,,No,
NXT-114791,Female,18,West,Ondo,Akure,SME,No,Yes,1,2024-07-29,2024-07-29,2026-07-29,Two-Year,1,Smartphone,2,5G,Unlimited,Prepaid,None,No,No,No,"Mobile Wallet","SMS Bill",Active,NULL,,,Yes,"AirLink Mobile"
NXT-108756,Male,29,East,Enugu,"Enugu City",SME,No,Yes,1,2024-10-18,2024-10-18,2025-10-18,One-Year,2,"Feature Phone",2,5G,"Standard 30GB",Prepaid,"Bundled 500",No,No,No,"Mobile Wallet",E-Bill,Active,NULL,,,Yes,"AirLink Mobile"
NXT-101378,Male,38,Central,Plateau,Jos,Consumer,No,No,2,2023-11-25,2023-11-25,2025-11-24,Two-Year,1,Tablet,24,"4G LTE",Unlimited,Postpaid,"Bundled 500",No,No,No,"Mobile Wallet","Paper Bill",Active,NULL,,,No,
NXT-113019,Male,32,East,Anambra,Awka,Consumer,No,Yes,2,2023-09-16,2023-09-16,2025-09-15,Two-Year,3,Smartphone,39,"4G LTE","Standard 30GB",Prepaid,"Bundled 500",No,No,No,Auto-Debit,E-Bill,Active,NULL,,,Yes,"Zenith Connect"
NXT-105123,Male,47,East,Imo,Owerri,Consumer,No,No,1,2023-08-26,2023-08-26,2023-09-25,Month-to-Month,2,"Mobile Router",27,Fiber,"Premium 60GB",Postpaid,Pay-as-you-go,Yes,No,No,"Bank Transfer","SMS Bill",Active,NULL,,,Yes,"9Wave Telecom"
NXT-113346,Male,46,North,Katsina,"Katsina City",Consumer,No,No,1,2024-04-25,2024-04-25,2025-04-25,One-Year,3,"Feature Phone",2,"4G Lte","Standard 30GB",Postpaid,"Bundled 2000",No,No,No,"Mobile Wallet",E-Bill,Active,NULL,,,No,
NXT-103789,Female,42,Central,Plateau,Jos,Consumer,No,No,1,2024-07-17,2024-07-17,2024-08-16,Month-to-Month,1,Smartphone,4,"4G LTE","Basic 10GB",Prepaid,Unlimited,No,No,No,"Bank Transfer",E-Bill,Active,NULL,,,Yes,"Globacom Prime"
NXT-100076,Female,46,South,Delta,Warri,SME,No,Yes,1,2024-01-03,2024-01-03,2026-01-02,Two-Year,1,Smartphone,4,Fiber,"Basic 10GB",Postpaid,"Bundled 500",No,No,No,"Bank Transfer","SMS Bill",Active,NULL,,,Yes,"Zenith Connect"
NXT-106945,Female,33,North,Kano,Wudil,Consumer,No,Yes,1,2024-01-29,2024-01-29,2026-01-28,Two-Year,1,Smartphone,4,Fiber,Unlimited,None,"Bundled 500",No,No,Yes,"Bank Transfer",E-Bill,Active,NULL,,,Yes,"9Wave Telecom"
NXT-114233,Male,58,Central,FCT,Abuja,SME,No,No,1,2024-01-30,2024-01-30,2024-02-29,Month-to-Month,3,"Mobile Router",23,"4G LTE","Basic 10GB",Prepaid,Pay-as-you-go,No,No,No,"Debit Card","SMS Bill",Active,NULL,,,Yes,"Zenith Connect"
NXT-110924,Female,36,East,Enugu,"Enugu City",Consumer,No,No,3,2023-10-04,2023-10-04,2024-10-03,One-Year,3,"MiFi Device",20,Fiber,"Standard 30GB",Prepaid,Pay-as-you-go,Yes,No,Yes,Auto-Debit,"SMS Bill",Active,NULL,,,Yes,"Zenith Connect"
NXT-114556,Female,18,South,Delta,Asaba,Consumer,No,No,2,2024-03-06,2024-03-06,2024-04-05,Month-to-Month,1,Smartphone,6,"4G LTE",Unlimited,Postpaid,"Bundled 500",No,Yes,Yes,"Mobile Wallet","Paper Bill",Active,NULL,,,Yes,"9Wave Telecom"
NXT-101214,Male,48,Central,Plateau,Jos,Consumer,No,No,5,2025-06-17,2025-06-17,2025-07-17,Month-to-Month,1,"MiFi Device",5,DSL,"Basic 10GB",Prepaid,"Bundled 500",No,No,No,Cash,"Paper Bill",Active,NULL,,,Yes,"AirLink Mobile"
NXT-110841,Female,52,South,"Akwa Ibom",Uyo,Consumer,No,No,1,2025-04-10,2025-04-10,2025-05-10,Month-to-Month,1,Tablet,15,Fiber,"Standard 30GB",Postpaid,"Bundled 2000",No,No,No,"Mobile Wallet","Paper Bill",Active,NULL,,,No,
NXT-101866,Male,45,East,Imo,Owerri,Consumer,No,No,2,2024-03-25,2024-03-25,2025-03-25,One-Year,1,Tablet,33,None,None,Prepaid,"Bundled 2000",No,No,No,NULL,"SMS Bill",Churned,2025-04-06,"Device incompatibility",Other,Yes,MTN-X
NXT-103172,Female,54,West,Lagos,Ikeja,Consumer,No,No,3,2025-05-09,2025-05-09,2025-06-08,Month-to-Month,1,"Mobile Router",15,"4G LTE","Premium 60GB",Prepaid,Pay-as-you-go,No,No,No,USSD,E-Bill,Active,NULL,,,Yes,"Globacom Prime"
NXT-101331,Male,33,West,Ondo,Akure,Consumer,No,No,2,2023-05-02,2023-05-02,2024-05-01,One-Year,4,Smartphone,21,Fiber,Unlimited,Postpaid,Pay-as-you-go,No,No,No,"Mobile Wallet","Paper Bill",Churned,2023-10-28,"Monthly charges too high",Price,Yes,"Zenith Connect"
NXT-111483,Male,28,West,Ondo,Akure,Consumer,No,Yes,2,2024-04-30,2024-04-30,2024-05-30,Month-to-Month,2,"MiFi Device",6,"4G LTE","Basic 10GB",Postpaid,Pay-as-you-go,No,No,Yes,"Mobile Wallet",E-Bill,Active,NULL,,,No,
NXT-105364,Female,43,South,Delta,Asaba,Enterprise,No,Yes,1,2024-07-05,2024-07-05,2024-08-04,Month-to-Month,13,Smartphone,18,"4G LTE","Standard 30GB",Prepaid,"Bundled 500",No,No,No,"Debit Card",E-Bill,Active,NULL,,,Yes,"Zenith Connect"
NXT-108828,Male,39,East,Anambra,Awka,SME,No,No,1,2025-03-12,2025-03-12,2025-04-11,Month-to-Month,3,Smartphone,22,"4G LTE","Premium 60GB",Prepaid,"Bundled 500",No,No,No,Auto-Debit,E-Bill,Active,NULL,,,No,
NXT-104411,Female,28,North,Kaduna,Zaria,Consumer,No,Yes,1,2024-02-10,2024-02-10,2024-03-11,Month-to-Month,1,Smartphone,15,Fiber,"Basic 10GB",Prepaid,"Bundled 500",Yes,No,No,"Bank Transfer",E-Bill,Active,NULL,,,Yes,"AirLink Mobile"
NXT-104726,Male,18,Central,Plateau,Jos,Consumer,No,Yes,2,2025-01-30,2025-01-30,2025-03-01,Month-to-Month,2,Smartphone,5,None,None,Prepaid,"Bundled 2000",No,Yes,Yes,USSD,"Paper Bill",Active,NULL,,,Yes,MTN-X
NXT-109332,Female,36,North,Sokoto,"Sokoto City",Consumer,No,No,4,2024-06-15,2024-06-15,2026-06-15,Two-Year,2,"Mobile Router",3,DSL,"Standard 30GB",Prepaid,"Bundled 500",No,No,No,"Debit Card","SMS Bill",Active,NULL,,,No,
NXT-106433,Female,43,West,Lagos,Surulere,Consumer,No,No,5,2025-04-11,2025-04-11,2026-04-11,One-Year,1,"MiFi Device",8,"4G LTE","Basic 10GB",Postpaid,"Bundled 2000",Yes,No,Yes,Auto-Debit,E-Bill,Active,NULL,,,Yes,"Zenith Connect"
NXT-100920,Male,18,Central,Plateau,Jos,Enterprise,No,Yes,1,2023-02-13,2023-02-13,2025-02-12,Two-Year,14,Smartphone,15,Fiber,"Standard 30GB",Postpaid,Pay-as-you-go,Yes,No,No,"Debit Card",E-Bill,Active,NULL,,,Yes,MTN-X
NXT-104163,Male,30,Central,Kogi,Lokoja,Enterprise,No,No,1,2024-06-11,2024-06-11,2024-07-11,Month-to-Month,20,Smartphone,7,"4G LTE","Basic 10GB",Postpaid,"Bundled 500",No,No,Yes,"Debit Card",E-Bill,Active,NULL,,,Yes,"9Wave Telecom"
NXT-112163,Female,39,East,Imo,Owerri,Consumer,No,No,2,2024-10-10,2024-10-10,2026-10-10,Two-Year,1,Smartphone,2,Fiber,"Premium 60GB",Prepaid,Pay-as-you-go,No,Yes,No,USSD,E-Bill,Active,NULL,,,Yes,"9Wave Telecom"
NXT-111217,Male,69,East,Anambra,Awka,Consumer,Yes,Yes,NULL,2023-08-08,2023-08-08,2024-08-07,One-Year,1,Smartphone,4,Fiber,"Basic 10GB",Postpaid,"Bundled 2000",No,Yes,No,Auto-Debit,"SMS Bill",Active,NULL,,,No,
NXT-113630,Male,46,South,"Cross River",Calabar,Consumer,No,No,1,2024-06-23,2024-06-23,2025-06-23,One-Year,5,Tablet,4,"4G LTE","Basic 10GB",Prepaid,"Bundled 500",No,No,No,Cash,E-Bill,Active,NULL,,,Yes,
NXT-112616,Female,44,North,Kano,Wudil,Consumer,No,No,2,2023-08-12,2023-08-12,2024-08-11,One-Year,1,Smartphone,21,Fiber,"Standard 30GB",Postpaid,"Bundled 500",Yes,Yes,Yes,"Mobile Wallet",E-Bill,Active,NULL,,,Yes,MTN-X
NXT-105822,Female,34,East,Abia,Aba,Consumer,No,No,1,2025-05-24,2025-05-24,2025-06-23,Month-to-Month,2,Smartphone,2,None,None,Prepaid,None,Yes,Yes,No,"Mobile Wallet","Paper Bill",Active,NULL,,,No,
NXT-114625,Female,56,East,Enugu,"Enugu City",Consumer,No,No,3,2024-10-24,2024-10-24,2024-11-23,Month-to-Month,1,"MiFi Device",34,DSL,"Premium 60GB",Postpaid,"Bundled 2000",No,No,No,Auto-Debit,"SMS Bill",Active,NULL,,,Yes,"AirLink Mobile"
NXT-104268,Male,23,South,"Akwa Ibom",Uyo,Consumer,No,No,1,2023-10-01,2023-10-01,2025-09-30,Two-Year,2,"Mobile Router",11,"4G LTE","Standard 30GB",Postpaid,Pay-as-you-go,No,No,No,USSD,"Paper Bill",Churned,2025-05-22,"Monthly charges too high",Price,Yes,MTN-X
NXT-108541,Male,46,East,Enugu,"Enugu City",Consumer,No,Yes,1,2024-09-05,2024-09-05,2024-10-05,Month-to-Month,4,Smartphone,11,DSL,"Standard 30GB",Postpaid,"Bundled 500",Yes,No,No,"Debit Card","Paper Bill",Active,NULL,,,No,
NXT-108975,Female,22,East,Anambra,Awka,Consumer,No,No,3,2024-04-18,2024-04-18,2025-04-18,One-Year,5,Tablet,14,DSL,"Premium 60GB",Postpaid,"Bundled 2000",No,No,No,"Mobile Wallet","Paper Bill",Churned,2025-07-30,"Frequent network downtime",Network,Yes,
NXT-105293,Female,22,South,Rivers,"Port Harcourt",Consumer,No,No,2,2024-10-27,2024-10-27,2024-11-26,Month-to-Month,1,"Mobile Router",10,DSL,"Premium 60GB",Postpaid,"Bundled 500",Yes,No,Yes,NULL,E-Bill,Active,NULL,,,No,
NXT-111180,Female,25,South,Delta,Warri,Consumer,No,No,2,2023-08-25,2023-08-25,2023-09-24,Month-to-Month,1,"Feature Phone",2,Fiber,"Basic 10GB",Postpaid,Unlimited,Yes,No,No,"Bank Transfer",E-Bill,Active,NULL,,,No,
NXT-100228,Male,21,North,Katsina,"Katsina City",Consumer,No,No,1,2023-02-22,2023-02-22,2024-02-22,One-Year,1,"MiFi Device",1,5G,Unlimited,Postpaid,"Bundled 500",No,No,No,"Debit Card","Paper Bill",Active,NULL,,,No,
NXT-103737,Female,18,North,Kano,"Kano City",Consumer,No,Yes,4,2023-04-29,2023-04-29,2024-04-28,One-Year,1,"Feature Phone",0,"4G LTE","Basic 10GB",Postpaid,None,No,No,No,"Bank Transfer","SMS Bill",Active,NULL,,,Yes,"AirLink Mobile"
NXT-109242,Female,26,North,Kano,Wudil,Consumer,No,No,4,2023-08-29,2023-08-29,2025-08-28,Two-Year,1,"MiFi Device",6,5G,"Premium 60GB",Prepaid,None,Yes,No,No,"Debit Card","SMS Bill",Churned,2024-09-18,"Long resolution time for complaints",Service,Yes,"AirLink Mobile"
NXT-105466,Female,25,North,Kano,Wudil,Consumer,No,No,3,2024-12-24,2024-12-24,2025-01-23,Month-to-Month,1,Tablet,15,"4G LTE","Standard 30GB",Prepaid,Pay-as-you-go,No,No,No,USSD,E-Bill,Active,NULL,,,Yes,"Globacom Prime"
NXT-102160,Female,54,West,Lagos,"Lagos Island",SME,No,Yes,1,2023-10-25,2023-10-25,2023-11-24,Month-to-Month,2,Smartphone,15,Fiber,"Standard 30GB",Prepaid,None,No,No,Yes,USSD,E-Bill,Active,NULL,,,No,
NXT-109231,Male,18,East,Abia,Aba,Consumer,No,No,1,2024-11-13,2024-11-13,2024-12-13,Month-to-Month,2,"Mobile Router",3,5G,"Standard 30GB",Prepaid,Unlimited,Yes,Yes,Yes,Auto-Debit,"SMS Bill",Churned,2025-05-29,"Long resolution time for complaints",Service,No,
NXT-111135,Male,49,North,Sokoto,"Sokoto City",SME,No,Yes,1,2023-12-21,2023-12-21,2024-01-20,Month-to-Month,2,Smartphone,16,Fiber,"Basic 10GB",Prepaid,"Bundled 500",No,No,No,USSD,E-Bill,Active,NULL,,,No,
NXT-104246,Male,60,South,"Cross River",Calabar,Consumer,Yes,No,1,2024-03-22,2024-03-22,2026-03-22,Two-Year,4,"MiFi Device",5,fiber,"Basic 10GB",Prepaid,"Bundled 500",No,No,Yes,Cash,"SMS Bill",Active,NULL,,,Yes,MTN-X
NXT-112870,Male,42,East,Imo,Owerri,Consumer,No,Yes,3,2024-08-31,2024-08-31,2024-09-30,Month-to-Month,2,Smartphone,18,DSL,"Basic 10GB",Prepaid,"Bundled 500",No,Yes,No,"Bank Transfer","SMS Bill",Active,NULL,,,No,
NXT-113163,Female,41,West,Lagos,"Lagos Island",Consumer,No,No,4,2024-04-05,2024-04-05,2024-05-05,Month-to-Month,5,Smartphone,3,5G,"Premium 60GB",Prepaid,"Bundled 2000",No,Yes,No,"Bank Transfer","SMS Bill",Churned,2025-05-30,"Frequent network downtime",Network,No,
NXT-105875,Male,18,Central,Plateau,Jos,Consumer,No,Yes,1,2025-02-20,2025-02-20,2026-02-20,One-Year,1,Smartphone,8,Fiber,"Premium 60GB",Prepaid,Pay-as-you-go,No,No,Yes,"Mobile Wallet","Paper Bill",Active,NULL,,,Yes,"9Wave Telecom"
NXT-112142,Male,38,West,Oyo,Ibadan,Consumer,No,No,2,2023-09-12,2023-09-12,2023-10-12,Month-to-Month,2,Tablet,15,"4G LTE","Standard 30GB",Postpaid,"Bundled 500",No,No,Yes,"Bank Transfer","SMS Bill",Active,NULL,,,Yes,"9Wave Telecom"
NXT-108177,Male,32,North,Kaduna,Zaria,SME,No,No,1,2024-01-05,2024-01-05,2024-02-04,Month-to-Month,1,Smartphone,3,"4G LTE","Standard 30GB",Postpaid,"Bundled 500",No,No,No,NULL,E-Bill,Active,NULL,,,Yes,"Globacom Prime"
NXT-105756,Female,55,South,"Cross River",Calabar,Consumer,No,No,1,2023-07-30,2023-07-30,2024-07-29,One-Year,1,Smartphone,0,"4G LTE","Standard 30GB",Prepaid,Pay-as-you-go,No,No,No,USSD,E-Bill,Active,NULL,,,Yes,MTN-X
NXT-111830,Male,50,Central,Plateau,Jos,SME,No,No,1,2024-06-07,2024-06-07,2024-07-07,Month-to-Month,1,Smartphone,12,5G,"Standard 30GB",Postpaid,Pay-as-you-go,No,No,No,Auto-Debit,E-Bill,Active,NULL,,,Yes,"AirLink Mobile"
NXT-110385,Female,25,Central,Plateau,Jos,Consumer,No,Yes,4,2024-01-10,2024-01-10,2026-01-09,Two-Year,1,Smartphone,4,DSL,"Premium 60GB",Prepaid,"Bundled 500",No,No,No,Cash,E-Bill,Active,NULL,,,Yes,"9Wave Telecom"
NXT-112691,Male,57,East,Anambra,Awka,SME,No,No,1,2024-01-10,2024-01-10,2025-01-09,One-Year,1,Smartphone,11,"4g lte",Unlimited,Postpaid,Unlimited,No,No,Yes,Cash,E-Bill,Active,NULL,,,Yes,"9Wave Telecom"
NXT-107528,Male,39,Central,Niger,Minna,Enterprise,No,No,1,2023-04-02,2023-04-02,2023-05-02,Month-to-Month,13,Smartphone,11,Fiber,"Premium 60GB",Postpaid,"Bundled 500",Yes,No,Yes,"Bank Transfer","SMS Bill",Active,NULL,,,Yes,MTN-X
NXT-103605,Male,49,North,Kaduna,Zaria,SME,No,Yes,1,2024-12-04,2024-12-04,2025-01-03,Month-to-Month,2,Smartphone,19,"4G LTE","Basic 10GB",Prepaid,None,Yes,Yes,Yes,Cash,"Paper Bill",Churned,2025-11-12,"Long resolution time for complaints",Service,No,
NXT-110344,Male,42,Central,Niger,Minna,Consumer,No,No,1,2024-03-17,2024-03-17,2024-04-16,Month-to-Month,1,"Mobile Router",4,DSL,"Premium 60GB",Postpaid,"Bundled 2000",Yes,No,No,USSD,"SMS Bill",Active,NULL,,,No,
NXT-103544,Female,18,West,Ogun,Abeokuta,SME,No,No,1,2023-10-24,2023-10-24,2024-10-23,One-Year,3,Smartphone,3,"4G LTE","Basic 10GB",Prepaid,"Bundled 500",No,No,No,Auto-Debit,E-Bill,Active,NULL,,,Yes,"AirLink Mobile"
NXT-101727,Female,NULL,North,Sokoto,"Sokoto City",SME,No,No,1,2024-07-09,2024-07-09,2024-08-08,Month-to-Month,2,"MiFi Device",36,5G,"Standard 30GB",Prepaid,"Bundled 500",No,No,Yes,USSD,E-Bill,Churned,2025-11-29,"Slow internet speed",Network,Yes,"Globacom Prime"
NXT-105910,Female,34,South,"Akwa Ibom",Uyo,SME,No,No,1,2024-08-08,2024-08-08,2024-09-07,Month-to-Month,1,Smartphone,20,NONE,None,None,Pay-as-you-go,No,Yes,Yes,"Mobile Wallet","SMS Bill",Active,NULL,,,No,
NXT-107731,Female,NULL,Central,Kogi,Lokoja,Consumer,No,No,2,2024-01-22,2024-01-22,2025-01-21,One-Year,3,Smartphone,16,DSL,Unlimited,None,"Bundled 500",No,No,No,Auto-Debit,E-Bill,Active,NULL,,,No,
NXT-104409,Female,58,South,"Cross River",Calabar,Consumer,No,No,1,2023-07-08,2023-07-08,2025-07-07,Two-Year,1,Smartphone,1,5G,"Standard 30GB",Postpaid,Pay-as-you-go,No,Yes,Yes,"Debit Card","SMS Bill",Active,NULL,,,Yes,MTN-X
NXT-114471,Male,25,Central,Kogi,Lokoja,Consumer,No,No,3,2023-03-31,2023-03-31,2024-03-30,One-Year,2,"MiFi Device",7,Fiber,"Basic 10GB",Postpaid,"Bundled 500",Yes,No,No,Cash,"SMS Bill",Active,NULL,,,Yes,"9Wave Telecom"
NXT-112455,Male,41,East,Abia,Aba,SME,No,No,1,2023-12-02,2023-12-02,2024-01-01,Month-to-Month,1,Smartphone,17,Fiber,"Basic 10GB",Postpaid,"Bundled 500",No,Yes,No,Auto-Debit,"Paper Bill",Churned,2025-08-02,"Long resolution time for complaints",Service,Yes,"AirLink Mobile"
NXT-108462,Female,80,North,Sokoto,"Sokoto City",Consumer,Yes,No,2,2023-09-29,2023-09-29,2024-09-28,One-Year,1,Smartphone,14,FIBER,Unlimited,Postpaid,"Bundled 2000",No,No,No,"Debit Card","SMS Bill",Active,NULL,,,Yes,
NXT-106818,Female,32,South,"Akwa Ibom",Uyo,Consumer,No,Yes,3,2023-07-05,2023-07-05,2024-07-04,One-Year,1,"MiFi Device",1,5G,"Basic 10GB",Postpaid,Unlimited,No,No,Yes,USSD,"SMS Bill",Churned,2025-04-30,"Found cheaper competitor plan",Price,No,
NXT-103815,Male,49,Central,Niger,Minna,Consumer,No,No,2,2023-10-21,2023-10-21,2024-10-20,One-Year,2,Smartphone,24,DSL,"Standard 30GB",Postpaid,Unlimited,Yes,No,No,"Bank Transfer",E-Bill,Active,NULL,,,Yes,"9Wave Telecom"
NXT-104847,Male,35,North,Sokoto,"Sokoto City",Consumer,No,No,1,2023-03-10,2023-03-10,2023-04-09,Month-to-Month,3,Smartphone,28,None,None,Prepaid,"Bundled 500",No,No,No,Cash,E-Bill,Churned,2025-04-11,"Frequent network downtime",Network,No,
NXT-105285,Female,29,West,Lagos,Surulere,Enterprise,No,Yes,1,2024-07-21,2024-07-21,2025-07-21,One-Year,12,Smartphone,11,Fiber,"Standard 30GB",Postpaid,Pay-as-you-go,No,No,No,"Bank Transfer","Paper Bill",Active,NULL,,,No,
NXT-104455,Female,22,North,Kaduna,Zaria,SME,No,No,1,2024-07-29,2024-07-29,2024-08-28,Month-to-Month,1,Smartphone,3,"4G LTE","Premium 60GB",Prepaid,"Bundled 500",No,No,No,Cash,"SMS Bill",Churned,2025-03-20,"Switched to competitor promotion",Competitor,No,
NXT-110307,Male,45,South,Delta,Warri,Consumer,No,Yes,3,2023-03-01,2023-03-01,2023-03-31,Month-to-Month,1,"Mobile Router",1,Fiber,Unlimited,Prepaid,Pay-as-you-go,Yes,No,No,"Debit Card",E-Bill,Active,NULL,,,Yes,"9Wave Telecom"
NXT-103908,Male,43,West,Ondo,Akure,Enterprise,No,No,1,2023-09-03,2023-09-03,2023-10-03,Month-to-Month,10,Smartphone,NULL,None,None,Postpaid,"Bundled 500",No,Yes,No,"Mobile Wallet",E-Bill,Active,NULL,,,No,
NXT-103367,Male,48,Central,Niger,Minna,Consumer,No,No,2,2025-03-21,2025-03-21,2026-03-21,One-Year,1,"MiFi Device",13,"4G LTE","Standard 30GB",Postpaid,"Bundled 2000",No,No,Yes,Cash,E-Bill,Active,NULL,,,No,
NXT-101829,Male,30,South,Rivers,"Port Harcourt",Consumer,No,No,1,2023-08-27,2023-08-27,2024-08-26,One-Year,2,Smartphone,9,DSL,"Standard 30GB",Prepaid,"Bundled 2000",No,No,No,"Mobile Wallet",E-Bill,Active,NULL,,,Yes,"9Wave Telecom"
NXT-106310,Female,44,North,Sokoto,"Sokoto City",Consumer,No,No,2,2023-09-21,2023-09-21,2023-10-21,Month-to-Month,3,Tablet,6,"4G LTE","Basic 10GB",Prepaid,Unlimited,Yes,No,No,USSD,"SMS Bill",Active,NULL,,,No,
NXT-106798,Male,39,South,"Akwa Ibom",Uyo,Consumer,No,Yes,3,2023-11-19,2023-11-19,2023-12-19,Month-to-Month,2,Smartphone,2,"4G LTE","Basic 10GB",Postpaid,Unlimited,No,No,No,"Mobile Wallet",E-Bill,Churned,2025-02-14,"Monthly charges too high",Price,Yes,"9Wave Telecom"
NXT-101525,Female,54,West,Ondo,Akure,Consumer,No,No,1,2023-10-14,2023-10-14,2024-10-13,One-Year,1,Smartphone,3,None,None,Prepaid,"Bundled 500",No,No,No,Cash,E-Bill,Active,NULL,,,Yes,"9Wave Telecom"
NXT-101127,Male,46,East,Enugu,"Enugu City",Consumer,No,No,1,2023-12-01,2023-12-01,2023-12-31,Month-to-Month,2,Smartphone,2,"4G LTE","Basic 10GB",Postpaid,"Bundled 500",No,No,No,"Debit Card","Paper Bill",Churned,2024-05-11,"Found cheaper competitor plan",Price,Yes,MTN-X
NXT-109838,Female,48,Central,FCT,Abuja,SME,No,No,1,2023-05-09,2023-05-09,2023-06-08,Month-to-Month,1,"Feature Phone",4,"4G LTE","Basic 10GB",Prepaid,Pay-as-you-go,No,No,Yes,"Mobile Wallet",E-Bill,Active,NULL,,,Yes,MTN-X
NXT-109028,Male,30,Central,FCT,Abuja,SME,No,Yes,1,2023-08-07,2023-08-07,2024-08-06,One-Year,1,Smartphone,19,None,None,Prepaid,"Bundled 500",Yes,No,Yes,Auto-Debit,"SMS Bill",Active,NULL,,,No,
NXT-103795,Male,41,West,Ondo,Akure,SME,No,Yes,1,2024-07-12,2024-07-12,2024-08-11,Month-to-Month,1,Smartphone,5,Fiber,"Basic 10GB",None,Unlimited,No,Yes,No,Cash,E-Bill,Churned,2024-11-24,"Family/friends referral to competitor",Competitor,Yes,"AirLink Mobile"
NXT-105768,Female,46,West,Oyo,Ibadan,Consumer,No,Yes,1,2023-06-15,2023-06-15,2023-07-15,Month-to-Month,1,Smartphone,7,None,None,Prepaid,"Bundled 500",Yes,No,Yes,"Debit Card",E-Bill,Active,NULL,,,Yes,"AirLink Mobile"
NXT-112793,Female,32,South,"Cross River",Calabar,Consumer,No,No,2,2025-02-04,2025-02-04,2027-02-04,Two-Year,1,Smartphone,16,None,None,Prepaid,None,No,No,Yes,Cash,"SMS Bill",Active,NULL,,,Yes,"AirLink Mobile"
NXT-106377,Male,18,South,"Akwa Ibom",Uyo,Consumer,No,No,1,2024-03-04,2024-03-04,2024-04-03,Month-to-Month,4,Smartphone,5,"4G LTE","Premium 60GB",Prepaid,Pay-as-you-go,No,No,No,NULL,"SMS Bill",Active,NULL,,,No,
NXT-107175,Female,39,Central,Plateau,Jos,Consumer,No,No,5,2025-02-01,2025-02-01,2026-02-01,One-Year,2,"Mobile Router",1,DSL,"Standard 30GB",Postpaid,Pay-as-you-go,No,No,No,"Bank Transfer","SMS Bill",Churned,2025-11-08,"Slow internet speed",Network,Yes,"AirLink Mobile"
NXT-111908,Female,35,North,Kaduna,Zaria,Consumer,No,Yes,2,2024-07-03,2024-07-03,2024-08-02,Month-to-Month,1,Smartphone,35,"4G LTE",Unlimited,Postpaid,Pay-as-you-go,No,No,No,"Debit Card","SMS Bill",Churned,2024-12-31,"Family/friends referral to competitor",Competitor,Yes,MTN-X
NXT-100556,Female,31,East,Enugu,"Enugu City",SME,No,Yes,1,2023-12-07,2023-12-07,2025-12-06,Two-Year,1,Smartphone,2,"4G LTE","Premium 60GB",Postpaid,"Bundled 500",No,No,No,"Mobile Wallet",E-Bill,Active,NULL,,,Yes,"9Wave Telecom"
NXT-107245,Male,18,West,Ondo,Akure,Consumer,No,No,2,2024-07-01,2024-07-01,2024-07-31,Month-to-Month,3,"Mobile Router",30,"4G LTE","Basic 10GB",None,Unlimited,Yes,No,No,USSD,E-Bill,Churned,2024-10-08,"Monthly charges too high",Price,Yes,MTN-X
NXT-112789,Male,37,South,"Akwa Ibom",Uyo,Consumer,No,Yes,1,2024-06-05,2024-06-05,2026-06-05,Two-Year,1,Smartphone,9,Fiber,"Basic 10GB",Prepaid,"Bundled 500",No,Yes,No,"Debit Card",E-Bill,Active,NULL,,,No,
NXT-105628,Female,33,West,Lagos,Lekki,SME,No,Yes,1,2023-09-17,2023-09-17,2023-10-17,Month-to-Month,2,Smartphone,4,"4G LTE","Basic 10GB",Postpaid,"Bundled 500",Yes,No,No,Cash,E-Bill,Active,NULL,,,Yes,"9Wave Telecom"
NXT-106572,Male,46,East,Anambra,Onitsha,Consumer,No,No,2,2023-07-12,2023-07-12,2024-07-11,One-Year,1,Smartphone,2,DSL,"Standard 30GB",Postpaid,Pay-as-you-go,Yes,No,Yes,"Bank Transfer",E-Bill,Active,NULL,,,No,
NXT-102191,Female,38,South,Rivers,"Port Harcourt",Consumer,No,Yes,3,2023-11-01,2023-11-01,2025-10-31,Two-Year,1,"Mobile Router",23,DSL,"Premium 60GB",Prepaid,Pay-as-you-go,No,No,No,"Bank Transfer",E-Bill,Active,NULL,,,Yes,MTN-X
NXT-111238,Male,36,South,"Akwa Ibom",Uyo,SME,No,Yes,1,2024-11-28,2024-11-28,2025-11-28,One-Year,1,Smartphone,31,None,None,Prepaid,Pay-as-you-go,No,No,Yes,USSD,E-Bill,Active,NULL,,,No,
NXT-106049,Male,39,Central,Niger,Minna,SME,No,Yes,1,2023-07-28,2023-07-28,2023-08-27,Month-to-Month,1,"MiFi Device",60,5G,"Basic 10GB",Prepaid,Unlimited,Yes,No,Yes,Cash,E-Bill,Active,NULL,,,Yes,"AirLink Mobile"
NXT-105131,Female,50,North,Kano,"Kano City",Consumer,No,Yes,3,2024-03-04,2024-03-04,2024-04-03,Month-to-Month,1,"Mobile Router",26,DSL,"Standard 30GB",Postpaid,"Bundled 2000",Yes,Yes,No,"Bank Transfer",E-Bill,Churned,2024-08-19,"Competitor offered better plan",Competitor,Yes,"Globacom Prime"
NXT-100483,Female,19,East,Imo,Owerri,Consumer,No,No,1,2024-05-27,2024-05-27,2024-06-26,Month-to-Month,2,"MiFi Device",60,"4G LTE","Standard 30GB",Prepaid,Pay-as-you-go,No,No,No,Cash,"SMS Bill",Active,NULL,,,Yes,"Zenith Connect"
NXT-100078,Female,18,Central,Plateau,Jos,Consumer,No,No,3,2024-06-17,2024-06-17,2024-07-17,Month-to-Month,2,"Feature Phone",3,DSL,"Premium 60GB",Prepaid,"Bundled 500",No,No,No,Auto-Debit,"SMS Bill",Active,NULL,,,No,
NXT-104954,Male,53,East,Anambra,Awka,Enterprise,No,Yes,1,2025-03-19,2025-03-19,2026-03-19,One-Year,12,"Feature Phone",7,DSL,Unlimited,Prepaid,"Bundled 500",No,No,No,Auto-Debit,"Paper Bill",Active,NULL,,,Yes,"9Wave Telecom"
NXT-109396,Female,50,South,Delta,Warri,Consumer,No,No,1,2024-10-01,2024-10-01,2024-10-31,Month-to-Month,1,"Mobile Router",6,DSL,"Standard 30GB",Prepaid,Unlimited,No,Yes,Yes,"Mobile Wallet",E-Bill,Churned,2025-09-11,"Family/friends referral to competitor",Competitor,Yes,"9Wave Telecom"
NXT-107055,Female,35,North,Kaduna,Zaria,Consumer,No,No,2,2023-04-01,2023-04-01,2023-05-01,Month-to-Month,1,"Mobile Router",0,Fiber,"Premium 60GB",Prepaid,"Bundled 500",Yes,No,No,"Mobile Wallet",E-Bill,Active,NULL,,,Yes,"AirLink Mobile"
NXT-112654,Female,54,West,Ondo,Akure,Consumer,No,Yes,1,2024-09-27,2024-09-27,2026-09-27,Two-Year,3,Smartphone,10,None,None,Postpaid,Pay-as-you-go,No,Yes,No,Cash,"SMS Bill",Active,NULL,,,Yes,"Globacom Prime"
NXT-104878,Female,27,North,Kaduna,"Kaduna City",Consumer,No,Yes,1,2023-05-01,2023-05-01,2023-05-31,Month-to-Month,1,Smartphone,21,5G,"Premium 60GB",Postpaid,Unlimited,No,No,Yes,"Mobile Wallet","SMS Bill",Active,NULL,,,No,
NXT-114706,Female,33,East,Enugu,"Enugu City",Consumer,No,Yes,2,2025-04-04,2025-04-04,2025-05-04,Month-to-Month,1,Smartphone,5,"4G LTE",Unlimited,Prepaid,Unlimited,Yes,No,No,Auto-Debit,E-Bill,Active,NULL,,,No,
NXT-100058,Male,31,South,"Cross River",Calabar,SME,No,No,1,2025-02-12,2025-02-12,2026-02-12,One-Year,1,Smartphone,4,Fiber,"Premium 60GB",Postpaid,"Bundled 500",No,No,No,"Bank Transfer",E-Bill,Active,NULL,,,Yes,"AirLink Mobile"
NXT-108910,Male,44,East,Imo,Owerri,Consumer,No,Yes,NULL,2024-05-21,2024-05-21,2024-06-20,Month-to-Month,1,Smartphone,43,"4G LTE","Basic 10GB",Postpaid,"Bundled 2000",No,Yes,No,Auto-Debit,E-Bill,Churned,2025-06-17,"Poor customer service experience",Service,No,
NXT-105155,Male,44,Central,Kogi,Lokoja,Consumer,No,No,1,2025-02-17,2025-02-17,2025-03-19,Month-to-Month,1,Smartphone,9,Fiber,"Premium 60GB",Postpaid,Pay-as-you-go,Yes,No,No,Auto-Debit,E-Bill,Active,NULL,,,No,
NXT-108771,Male,43,South,Delta,Asaba,Consumer,No,No,3,2025-03-29,2025-03-29,2025-04-28,Month-to-Month,3,Smartphone,28,Fiber,"Basic 10GB",Postpaid,"Bundled 500",Yes,No,No,USSD,E-Bill,Churned,2025-06-01,"Unresolved technical issue",Service,Yes,"AirLink Mobile"
NXT-113073,Male,57,Central,Niger,Minna,Consumer,No,No,2,2023-12-03,2023-12-03,2024-01-02,Month-to-Month,3,Smartphone,20,"4G LTE","Basic 10GB",Postpaid,Pay-as-you-go,No,No,No,"Mobile Wallet",E-Bill,Churned,2025-11-28,"Unexpected billing charges",Price,Yes,"Globacom Prime"
NXT-111539,Male,37,East,Enugu,"Enugu City",Consumer,No,Yes,4,2023-04-16,2023-04-16,2024-04-15,One-Year,1,Smartphone,37,DSL,"Basic 10GB",Prepaid,Unlimited,No,No,No,Cash,"SMS Bill",Churned,2025-06-18,"Poor call quality",Network,Yes,"Zenith Connect"
NXT-111866,Male,40,East,Enugu,"Enugu City",Consumer,No,No,4,2024-10-29,2024-10-29,2026-10-29,Two-Year,1,"Feature Phone",0,DSL,Unlimited,Prepaid,Unlimited,No,No,No,Cash,E-Bill,Active,NULL,,,Yes,"9Wave Telecom"
NXT-108384,Male,49,South,Rivers,"Port Harcourt",Consumer,No,No,1,2024-03-19,2024-03-19,2025-03-19,One-Year,1,"Feature Phone",7,5G,"Standard 30GB",Prepaid,"Bundled 500",Yes,No,No,"Bank Transfer",E-Bill,Active,NULL,,,Yes,"9Wave Telecom"
NXT-107027,Female,29,East,Anambra,Awka,Consumer,No,No,1,2024-04-11,2024-04-11,2026-04-11,Two-Year,3,"MiFi Device",9,5G,"Standard 30GB",Prepaid,Unlimited,No,No,No,"Mobile Wallet","SMS Bill",Active,NULL,,,Yes,"9Wave Telecom"
NXT-112357,Male,41,South,"Akwa Ibom",Uyo,SME,No,No,1,2024-03-07,2024-03-07,2025-03-07,One-Year,1,"MiFi Device",15,Fiber,"Standard 30GB",Prepaid,Pay-as-you-go,No,No,Yes,"Mobile Wallet",E-Bill,Active,NULL,,,Yes,"Globacom Prime"
NXT-110024,Male,37,South,"Cross River",Calabar,Consumer,No,Yes,1,2023-12-20,2023-12-20,2024-12-19,One-Year,3,"Feature Phone",28,"4G LTE","Premium 60GB",Prepaid,None,No,No,No,"Debit Card",E-Bill,Active,NULL,,,Yes,"Zenith Connect"
NXT-104543,Male,18,Central,FCT,Abuja,SME,No,No,1,2024-01-03,2024-01-03,2025-01-02,One-Year,1,Smartphone,28,5G,"Standard 30GB",Prepaid,Pay-as-you-go,No,No,No,Cash,E-Bill,Active,NULL,,,No,
NXT-101326,Female,44,South,Delta,Asaba,Consumer,No,No,2,2025-03-10,2025-03-10,2026-03-10,One-Year,2,Smartphone,2,Fiber,"Standard 30GB",Prepaid,"Bundled 500",No,No,Yes,"Mobile Wallet",E-Bill,Churned,2025-05-06,"Poor customer service experience",Service,Yes,"9Wave Telecom"
NXT-113020,Male,30,Central,Niger,Minna,Consumer,No,No,4,2023-09-08,2023-09-08,2024-09-07,One-Year,1,"Mobile Router",2,None,None,Postpaid,None,No,No,No,"Debit Card","Paper Bill",Churned,2024-11-23,"Competitor offered better plan",Competitor,Yes,"9Wave Telecom"
NXT-113549,Female,18,West,Ogun,Abeokuta,Consumer,No,No,2,2025-02-02,2025-02-02,2027-02-02,Two-Year,1,Smartphone,11,"4G LTE","Basic 10GB",Prepaid,Pay-as-you-go,No,No,No,"Bank Transfer","Paper Bill",Active,NULL,,,No,
NXT-107912,Female,29,West,Ogun,Abeokuta,SME,No,No,1,2024-10-11,2024-10-11,2026-10-11,Two-Year,3,Smartphone,19,Fiber,"Premium 60GB",Prepaid,Unlimited,Yes,No,No,USSD,E-Bill,Active,NULL,,,No,
NXT-110170,Female,47,South,"Akwa Ibom",Uyo,Consumer,No,No,5,2024-04-29,2024-04-29,2024-05-29,Month-to-Month,1,Smartphone,NULL,Fiber,Unlimited,Postpaid,Pay-as-you-go,No,No,No,"Mobile Wallet","Paper Bill",Active,NULL,,,Yes,"9Wave Telecom"
NXT-100400,Female,34,South,"Akwa Ibom",Uyo,Consumer,No,Yes,4,2025-04-02,2025-04-02,2027-04-02,Two-Year,3,"Feature Phone",27,DSL,"Standard 30GB",Prepaid,"Bundled 500",No,No,No,Cash,"SMS Bill",Active,NULL,,,No,
NXT-102732,Male,18,North,Katsina,"Katsina City",Consumer,No,Yes,2,2025-02-20,2025-02-20,2027-02-20,Two-Year,3,Smartphone,24,"4G LTE","Basic 10GB",Prepaid,"Bundled 2000",No,No,Yes,"Bank Transfer",E-Bill,Churned,2025-10-23,"Unexpected billing charges",Price,No,
NXT-103250,Male,44,East,Enugu,"Enugu City",SME,No,No,1,2023-12-23,2023-12-23,2024-01-22,Month-to-Month,2,Smartphone,0,"4G LTE","Premium 60GB",Postpaid,Pay-as-you-go,No,No,No,USSD,E-Bill,Active,NULL,,,Yes,MTN-X
NXT-111900,Male,27,South,"Cross River",Calabar,Consumer,No,No,4,2023-12-08,2023-12-08,2025-12-07,Two-Year,5,Tablet,46,"4G LTE","Standard 30GB",Prepaid,Pay-as-you-go,No,No,Yes,"Bank Transfer",E-Bill,Active,NULL,,,No,
NXT-104913,Male,42,Central,Plateau,Jos,Consumer,No,Yes,1,2025-07-09,2025-07-09,2027-07-09,Two-Year,3,Tablet,5,Fiber,Unlimited,Postpaid,Pay-as-you-go,Yes,No,No,USSD,E-Bill,Active,NULL,,,No,
NXT-102315,Female,NULL,East,Abia,Aba,SME,No,No,1,2023-05-30,2023-05-30,2024-05-29,One-Year,2,"MiFi Device",1,DSL,"Standard 30GB",Postpaid,Pay-as-you-go,No,No,No,"Debit Card",E-Bill,Active,NULL,,,No,
NXT-111931,Female,63,Central,Niger,Minna,Consumer,Yes,No,1,2023-06-03,2023-06-03,2023-07-03,Month-to-Month,1,Smartphone,6,None,None,Prepaid,"Bundled 500",No,No,No,Cash,E-Bill,Active,NULL,,,Yes,"AirLink Mobile"
NXT-114961,Male,51,North,Sokoto,"Sokoto City",Consumer,No,Yes,1,2024-09-01,2024-09-01,2025-09-01,One-Year,1,Smartphone,7,Fiber,"Premium 60GB",Prepaid,Pay-as-you-go,No,No,No,Auto-Debit,"SMS Bill",Churned,2025-02-04,"Unresolved technical issue",Service,Yes,"Globacom Prime"
NXT-106590,Male,54,East,Imo,Owerri,Consumer,No,Yes,2,2025-02-16,2025-02-16,2025-03-18,Month-to-Month,1,Smartphone,6,Fiber,"Premium 60GB",Prepaid,"Bundled 2000",Yes,No,No,"Debit Card","Paper Bill",Active,NULL,,,No,
NXT-107243,Female,41,East,Imo,Owerri,SME,No,No,1,2023-06-23,2023-06-23,2024-06-22,One-Year,3,"MiFi Device",12,None,None,Postpaid,Pay-as-you-go,No,No,No,Cash,"Paper Bill",Churned,2024-11-13,"Poor customer service experience",Service,No,
NXT-104143,Female,NULL,South,Rivers,"Port Harcourt",Consumer,No,No,3,2024-11-05,2024-11-05,2025-11-05,One-Year,2,Smartphone,14,"4G LTE","Standard 30GB",Prepaid,Pay-as-you-go,No,No,Yes,"Mobile Wallet","Paper Bill",Active,NULL,,,Yes,"9Wave Telecom"
NXT-106346,Female,35,North,Kaduna,Zaria,Consumer,No,No,2,2023-08-04,2023-08-04,2023-09-03,Month-to-Month,1,Smartphone,26,"4G LTE","Premium 60GB",Postpaid,"Bundled 500",No,No,No,Auto-Debit,"SMS Bill",Active,NULL,,,Yes,"9Wave Telecom"
NXT-113468,Male,29,Central,Niger,Minna,Consumer,No,No,2,2023-02-08,2023-02-08,2024-02-08,One-Year,1,Smartphone,12,"4G LTE",Unlimited,Postpaid,"Bundled 2000",No,No,No,"Debit Card",E-Bill,Active,NULL,,,Yes,"AirLink Mobile"
NXT-114865,Male,22,Central,Niger,Minna,Consumer,No,Yes,1,2023-11-30,2023-11-30,2025-11-29,Two-Year,2,Smartphone,21,"4G LTE","Standard 30GB",Prepaid,"Bundled 500",No,No,No,"Debit Card","SMS Bill",Active,NULL,,,Yes,"Zenith Connect"
NXT-100809,Female,36,Central,FCT,Abuja,Consumer,No,No,7,2023-03-09,2023-03-09,2024-03-08,One-Year,2,Smartphone,37,None,None,Prepaid,Pay-as-you-go,No,No,No,"Debit Card","SMS Bill",Active,NULL,,,Yes,"AirLink Mobile"
NXT-103170,Male,49,West,Ogun,Abeokuta,Consumer,No,Yes,3,2023-04-25,2023-04-25,2025-04-24,Two-Year,3,Tablet,8,"4G LTE","Premium 60GB",Prepaid,"Bundled 500",No,No,Yes,Auto-Debit,"Paper Bill",Active,NULL,,,Yes,"Zenith Connect"
NXT-107479,Female,23,North,Kaduna,Zaria,Consumer,No,No,6,2025-01-07,2025-01-07,2025-02-06,Month-to-Month,2,Smartphone,2,"4G LTE","Basic 10GB",Prepaid,Pay-as-you-go,No,No,No,"Debit Card","Paper Bill",Active,NULL,,,Yes,"AirLink Mobile"
NXT-111449,Female,36,North,Katsina,"Katsina City",SME,No,No,1,2024-03-04,2024-03-04,2024-04-03,Month-to-Month,4,Smartphone,55,Fiber,"Basic 10GB",Prepaid,Pay-as-you-go,No,No,No,"Debit Card","SMS Bill",Active,NULL,,,Yes,MTN-X
NXT-114347,Female,25,East,Imo,Owerri,SME,No,No,1,2024-02-20,2024-02-20,2026-02-19,Two-Year,1,"Mobile Router",3,DSL,"Standard 30GB",Prepaid,"Bundled 500",No,No,Yes,"Mobile Wallet","SMS Bill",Active,NULL,,,Yes,MTN-X
NXT-109953,Female,35,West,Ondo,Akure,Consumer,No,Yes,1,2023-11-28,2023-11-28,2024-11-27,One-Year,2,Smartphone,20,"4G LTE","Standard 30GB",Prepaid,Pay-as-you-go,No,No,No,"Mobile Wallet",E-Bill,Active,NULL,,,No,
NXT-102755,Male,23,East,Imo,Owerri,Enterprise,No,No,NULL,2024-01-18,2024-01-18,2025-01-17,One-Year,12,Smartphone,2,FIBER,"Basic 10GB",Postpaid,"Bundled 500",No,No,Yes,Auto-Debit,E-Bill,Active,NULL,,,No,
NXT-107337,Female,56,West,Oyo,Ibadan,Consumer,No,Yes,2,2024-11-18,2024-11-18,2024-12-18,Month-to-Month,2,Smartphone,3,None,None,Postpaid,Pay-as-you-go,Yes,No,No,"Debit Card","SMS Bill",Active,NULL,,,Yes,MTN-X
NXT-101182,Female,58,Central,Kogi,Lokoja,Consumer,No,Yes,3,2023-05-27,2023-05-27,2023-06-26,Month-to-Month,2,"Feature Phone",2,"4G LTE","Basic 10GB",Postpaid,Pay-as-you-go,Yes,Yes,No,"Bank Transfer","SMS Bill",Active,NULL,,,Yes,"Globacom Prime"
NXT-111501,Male,25,East,Imo,Owerri,SME,No,No,1,2024-08-04,2024-08-04,2024-09-03,Month-to-Month,1,Smartphone,48,Fiber,"Basic 10GB",Prepaid,"Bundled 500",No,No,No,"Mobile Wallet","SMS Bill",Active,NULL,,,Yes,MTN-X
NXT-105870,Female,60,East,Imo,Owerri,Consumer,Yes,Yes,2,2024-03-28,2024-03-28,2024-04-27,Month-to-Month,1,Smartphone,12,DSL,"Basic 10GB",Postpaid,Unlimited,No,No,No,USSD,E-Bill,Churned,2024-10-09,"Monthly charges too high",Price,No,
NXT-109837,Male,38,North,Sokoto,"Sokoto City",SME,No,No,1,2024-11-15,2024-11-15,2025-11-15,One-Year,2,"Mobile Router",NULL,"4G LTE","Basic 10GB",Postpaid,"Bundled 500",No,No,Yes,USSD,E-Bill,Active,NULL,,,Yes,"AirLink Mobile"
NXT-107531,Female,42,East,Anambra,Onitsha,Consumer,No,No,5,2023-05-12,2023-05-12,2023-06-11,Month-to-Month,1,Smartphone,25,DSL,Unlimited,Postpaid,"Bundled 2000",No,No,Yes,USSD,E-Bill,Churned,2025-03-19,"Long resolution time for complaints",Service,No,
NXT-114123,Female,25,South,"Cross River",Calabar,Consumer,No,No,4,2023-04-01,2023-04-01,2024-03-31,One-Year,1,Smartphone,26,DSL,"Basic 10GB",Postpaid,"Bundled 500",No,No,Yes,Auto-Debit,E-Bill,Churned,2025-01-17,"Frequent network downtime",Network,No,
NXT-102355,Female,21,North,Katsina,"Katsina City",Consumer,No,No,2,2025-01-06,2025-01-06,2025-02-05,Month-to-Month,2,"MiFi Device",24,"4G LTE","Standard 30GB",Postpaid,"Bundled 2000",No,No,No,"Mobile Wallet","SMS Bill",Churned,2025-04-29,"Poor call quality",Network,Yes,MTN-X
NXT-102925,Female,41,East,Imo,Owerri,Consumer,No,No,3,2023-01-15,2023-01-15,2023-02-14,Month-to-Month,1,Smartphone,24,5G,"Basic 10GB",Prepaid,"Bundled 500",Yes,No,Yes,"Mobile Wallet","Paper Bill",Churned,2025-11-09,"Long resolution time for complaints",Service,No,
NXT-110752,Female,45,West,Oyo,Ibadan,Consumer,No,No,2,2024-02-16,2024-02-16,2024-03-17,Month-to-Month,1,Smartphone,25,Fiber,"Basic 10GB",Prepaid,"Bundled 2000",No,No,Yes,Cash,"SMS Bill",Churned,2024-12-11,"Frequent network downtime",Network,Yes,"9Wave Telecom"
NXT-103033,Male,50,North,Kaduna,Zaria,Consumer,No,No,1,2025-01-01,2025-01-01,2025-01-31,Month-to-Month,4,"Feature Phone",4,"4G LTE","Standard 30GB",Prepaid,"Bundled 500",No,No,No,Cash,"SMS Bill",Active,NULL,,,Yes,MTN-X
NXT-100455,Male,53,East,Enugu,"Enugu City",SME,No,Yes,1,2023-05-14,2023-05-14,2025-05-13,Two-Year,1,Smartphone,0,"4G LTE","Standard 30GB",None,"Bundled 500",No,No,No,USSD,"SMS Bill",Active,NULL,,,No,
NXT-110127,Male,18,North,Kano,"Kano City",Consumer,No,No,1,2023-10-29,2023-10-29,2023-11-28,Month-to-Month,1,"MiFi Device",5,Fiber,Unlimited,Postpaid,"Bundled 2000",No,No,No,Auto-Debit,"SMS Bill",Churned,2024-03-08,"Found cheaper competitor plan",Price,Yes,"Zenith Connect"
NXT-110154,Female,46,South,Delta,Warri,SME,No,Yes,1,2024-04-30,2024-04-30,2024-05-30,Month-to-Month,1,"Mobile Router",4,"4G LTE","Standard 30GB",Prepaid,"Bundled 2000",No,No,No,"Bank Transfer",E-Bill,Active,NULL,,,Yes,MTN-X
NXT-109365,Male,50,East,Abia,Aba,Consumer,No,No,2,2024-02-21,2024-02-21,2025-02-20,One-Year,1,Smartphone,25,Fiber,Unlimited,Postpaid,"Bundled 2000",No,Yes,No,"Bank Transfer",E-Bill,Active,NULL,,,Yes,"Zenith Connect"
NXT-101505,Female,27,West,Ogun,Abeokuta,Consumer,No,No,2,2023-07-24,2023-07-24,2024-07-23,One-Year,1,Smartphone,1,None,None,Postpaid,Unlimited,No,No,No,Auto-Debit,E-Bill,Active,NULL,,,No,
NXT-114797,Female,35,Central,Kogi,Lokoja,Consumer,No,No,1,2023-09-06,2023-09-06,2023-10-06,Month-to-Month,3,"Feature Phone",NULL,5G,"Premium 60GB",Prepaid,"Bundled 2000",No,No,No,"Debit Card","SMS Bill",Active,NULL,,,Yes,"Globacom Prime"
NXT-111351,Female,69,South,"Akwa Ibom",Uyo,Consumer,Yes,No,2,2024-05-23,2024-05-23,2024-06-22,Month-to-Month,1,Smartphone,6,DSL,"Standard 30GB",Prepaid,Pay-as-you-go,No,No,No,"Mobile Wallet",E-Bill,Active,NULL,,,No,
NXT-106691,Female,NULL,West,Ondo,Akure,SME,No,No,1,2023-10-09,2023-10-09,2023-11-08,Month-to-Month,1,Smartphone,7,None,None,Postpaid,"Bundled 2000",No,No,Yes,Auto-Debit,E-Bill,Churned,2025-11-25,"Unresolved technical issue",Service,No,
NXT-109814,Male,52,East,Anambra,Onitsha,SME,No,No,1,2024-03-25,2024-03-25,2025-03-25,One-Year,2,"Mobile Router",7,"4G LTE","Premium 60GB",Prepaid,"Bundled 500",No,Yes,No,Auto-Debit,"SMS Bill",Active,NULL,,,Yes,"AirLink Mobile"
NXT-101683,Male,21,West,Oyo,Ibadan,SME,No,No,1,2024-04-03,2024-04-03,2025-04-03,One-Year,2,Smartphone,7,"4G LTE","Standard 30GB",Postpaid,Pay-as-you-go,No,No,No,Auto-Debit,"SMS Bill",Active,NULL,,,Yes,"AirLink Mobile"
NXT-112007,Female,44,North,Kano,"Kano City",Consumer,No,No,5,2025-03-31,2025-03-31,2025-04-30,Month-to-Month,1,Smartphone,14,Fiber,"Standard 30GB",Postpaid,Unlimited,No,No,Yes,Auto-Debit,E-Bill,Churned,2025-12-07,"Competitor offered better plan",Competitor,Yes,MTN-X
NXT-106263,Male,58,East,Anambra,Onitsha,Consumer,No,Yes,1,2023-03-23,2023-03-23,2025-03-22,Two-Year,2,Smartphone,24,5G,"Premium 60GB",Postpaid,"Bundled 500",No,No,No,"Bank Transfer","Paper Bill",Active,NULL,,,No,
NXT-105530,Male,60,South,"Cross River",Calabar,Enterprise,Yes,No,1,2023-08-25,2023-08-25,2023-09-24,Month-to-Month,17,"MiFi Device",22,DSL,"Standard 30GB",Prepaid,"Bundled 500",No,No,No,Auto-Debit,E-Bill,Active,NULL,,,Yes,"Zenith Connect"
NXT-106429,Female,34,East,Anambra,Awka,Consumer,No,Yes,5,2023-06-03,2023-06-03,2023-07-03,Month-to-Month,1,Smartphone,17,"4G LTE","Standard 30GB",Prepaid,Unlimited,No,No,No,"Mobile Wallet","SMS Bill",Active,NULL,,,Yes,"Globacom Prime"
NXT-110447,Female,32,South,Delta,Warri,Consumer,No,Yes,1,2024-06-19,2024-06-19,2024-07-19,Month-to-Month,2,"Feature Phone",6,Fiber,"Standard 30GB",Prepaid,"Bundled 500",No,No,No,Cash,"SMS Bill",Active,NULL,,,Yes,MTN-X
NXT-100009,Male,41,East,Imo,Owerri,Consumer,No,Yes,4,2023-10-11,2023-10-11,2023-11-10,Month-to-Month,1,"Mobile Router",3,DSL,Unlimited,Prepaid,Pay-as-you-go,No,No,No,USSD,E-Bill,Active,NULL,,,Yes,"9Wave Telecom"
NXT-109087,Female,32,East,Enugu,"Enugu City",Consumer,No,No,1,2025-07-27,2025-07-27,2025-08-26,Month-to-Month,1,Smartphone,18,"4G LTE","Standard 30GB",Prepaid,None,Yes,No,No,Auto-Debit,E-Bill,Active,NULL,,,Yes,"AirLink Mobile"
NXT-108835,Female,27,South,"Cross River",Calabar,Consumer,No,No,1,2024-03-04,2024-03-04,2025-03-04,One-Year,1,Smartphone,33,"4G LTE","Basic 10GB",Postpaid,Unlimited,Yes,No,No,"Bank Transfer",E-Bill,Churned,2025-12-31,"Poor call quality",Network,Yes,"9Wave Telecom"
NXT-101828,Female,33,West,Oyo,Ibadan,Consumer,No,Yes,1,2025-05-19,2025-05-19,2025-06-18,Month-to-Month,1,Smartphone,48,"4G LTE","Basic 10GB",Prepaid,Pay-as-you-go,No,Yes,No,"Bank Transfer",E-Bill,Active,NULL,,,No,
NXT-110327,Male,28,North,Katsina,"Katsina City",SME,No,No,NULL,2023-10-03,2023-10-03,2023-11-02,Month-to-Month,1,Smartphone,13,"4G LTE","Basic 10GB",None,"Bundled 500",No,No,No,"Mobile Wallet","SMS Bill",Churned,2024-07-11,"Unexpected billing charges",Price,No,
NXT-103525,Male,51,West,Lagos,Lekki,Consumer,No,No,5,2024-12-19,2024-12-19,2025-01-18,Month-to-Month,1,"Mobile Router",22,Fiber,"Basic 10GB",None,"Bundled 2000",Yes,Yes,Yes,"Bank Transfer",E-Bill,Active,NULL,,,Yes,"9Wave Telecom"
NXT-113559,Female,49,East,Abia,Aba,Consumer,No,Yes,2,2024-10-28,2024-10-28,2024-11-27,Month-to-Month,2,Smartphone,7,DSL,"Standard 30GB",Prepaid,"Bundled 500",No,No,Yes,Cash,E-Bill,Active,NULL,,,No,
NXT-111963,Male,36,East,Anambra,Awka,Consumer,No,No,2,2024-05-16,2024-05-16,2026-05-16,Two-Year,2,"Feature Phone",7,"4G LTE","Standard 30GB",Prepaid,"Bundled 500",Yes,No,No,"Bank Transfer","Paper Bill",Active,NULL,,,Yes,"AirLink Mobile"
NXT-105839,Male,50,West,Ogun,Abeokuta,SME,No,Yes,1,2024-03-04,2024-03-04,2026-03-04,Two-Year,2,Smartphone,2,FIBER,Unlimited,Postpaid,"Bundled 500",Yes,No,Yes,Auto-Debit,E-Bill,Active,NULL,,,Yes,"Zenith Connect"
NXT-106981,Female,18,South,Delta,Warri,Consumer,No,Yes,2,2024-10-22,2024-10-22,2024-11-21,Month-to-Month,2,Smartphone,1,DSL,"Standard 30GB",Postpaid,"Bundled 500",No,No,No,"Mobile Wallet","SMS Bill",Churned,2025-10-10,"Long resolution time for complaints",Service,No,
NXT-106847,Female,23,North,Kaduna,"Kaduna City",SME,No,No,1,2024-09-28,2024-09-28,2024-10-28,Month-to-Month,3,Smartphone,8,fiber,"Standard 30GB",Postpaid,Pay-as-you-go,No,No,No,"Bank Transfer","Paper Bill",Active,NULL,,,No,
NXT-110194,Female,43,North,Katsina,"Katsina City",Consumer,No,No,1,2023-05-08,2023-05-08,2025-05-07,Two-Year,1,Smartphone,16,Fiber,"Basic 10GB",Postpaid,Unlimited,No,No,Yes,Cash,"SMS Bill",Active,NULL,,,Yes,MTN-X
NXT-112141,Male,32,North,Sokoto,"Sokoto City",Consumer,No,No,4,2024-02-02,2024-02-02,2024-03-03,Month-to-Month,3,"MiFi Device",3,Fiber,Unlimited,None,"Bundled 2000",No,No,No,Cash,"Paper Bill",Active,NULL,,,Yes,"AirLink Mobile"
NXT-112275,Female,29,North,Katsina,"Katsina City",Consumer,No,No,4,2023-05-25,2023-05-25,2024-05-24,One-Year,2,Smartphone,13,DSL,Unlimited,Postpaid,Unlimited,Yes,No,Yes,"Bank Transfer","SMS Bill",Active,NULL,,,Yes,"Zenith Connect"
NXT-100018,Female,34,North,Kaduna,"Kaduna City",Consumer,No,No,2,2024-08-13,2024-08-13,2024-09-12,Month-to-Month,1,Smartphone,10,None,None,Postpaid,"Bundled 2000",No,No,Yes,"Bank Transfer","Paper Bill",Churned,2025-04-07,"Long resolution time for complaints",Service,Yes,"Zenith Connect"
NXT-114420,Female,23,North,Katsina,"Katsina City",Enterprise,No,Yes,1,2023-05-26,2023-05-26,2025-05-25,Two-Year,14,"Mobile Router",20,"4G LTE",Unlimited,None,"Bundled 500",No,Yes,Yes,"Mobile Wallet",E-Bill,Active,NULL,,,Yes,MTN-X
NXT-107690,Male,34,East,Enugu,"Enugu City",Consumer,No,Yes,1,2023-09-10,2023-09-10,2023-10-10,Month-to-Month,3,Tablet,24,"4G LTE","Standard 30GB",Postpaid,"Bundled 500",No,Yes,No,Cash,E-Bill,Active,NULL,,,Yes,"Globacom Prime"
NXT-107938,Female,42,South,"Akwa Ibom",Uyo,Consumer,No,Yes,1,2024-02-08,2024-02-08,2026-02-07,Two-Year,1,Smartphone,22,"4G LTE","Standard 30GB",Postpaid,"Bundled 500",No,Yes,Yes,"Bank Transfer",E-Bill,Active,NULL,,,No,
NXT-110939,Female,48,West,Oyo,Ibadan,Consumer,No,No,3,2024-03-03,2024-03-03,2025-03-03,One-Year,1,Smartphone,0,"4G LTE",Unlimited,Prepaid,"Bundled 2000",No,No,Yes,USSD,E-Bill,Active,NULL,,,No,
NXT-103670,Female,18,East,Enugu,"Enugu City",Consumer,No,Yes,1,2024-07-29,2024-07-29,2024-08-28,Month-to-Month,3,Smartphone,1,"4G LTE","Basic 10GB",Postpaid,"Bundled 500",No,No,No,USSD,"SMS Bill",Active,NULL,,,Yes,"Globacom Prime"
NXT-100318,Female,38,Central,Plateau,Jos,Consumer,No,No,2,2025-06-06,2025-06-06,2025-07-06,Month-to-Month,4,"Feature Phone",3,"4G LTE",Unlimited,Postpaid,Pay-as-you-go,No,No,Yes,Auto-Debit,"Paper Bill",Active,NULL,,,Yes,MTN-X
NXT-110636,Male,40,West,Lagos,Lekki,Enterprise,No,Yes,1,2023-03-18,2023-03-18,2024-03-17,One-Year,12,"Feature Phone",26,DSL,"Premium 60GB",Prepaid,Unlimited,No,No,No,Auto-Debit,E-Bill,Active,NULL,,,Yes,"Globacom Prime"
NXT-108625,Male,36,East,Abia,Aba,Consumer,No,Yes,4,2024-11-13,2024-11-13,2024-12-13,Month-to-Month,1,Smartphone,1,Fiber,"Premium 60GB",Prepaid,"Bundled 500",No,No,Yes,"Mobile Wallet","SMS Bill",Active,NULL,,,Yes,MTN-X
NXT-109188,Male,49,North,Kaduna,"Kaduna City",Consumer,No,No,1,2023-12-04,2023-12-04,2024-01-03,Month-to-Month,1,Smartphone,3,None,None,Prepaid,"Bundled 2000",No,No,No,"Debit Card","Paper Bill",Churned,2025-01-30,"Long resolution time for complaints",Service,Yes,MTN-X
NXT-114664,Male,49,South,"Akwa Ibom",Uyo,Consumer,No,Yes,2,2025-04-19,2025-04-19,2027-04-19,Two-Year,1,"Mobile Router",7,"4G LTE","Standard 30GB",Postpaid,"Bundled 500",No,No,No,"Mobile Wallet",E-Bill,Active,NULL,,,No,
NXT-114153,Female,43,North,Kaduna,Zaria,Consumer,No,Yes,4,2024-05-28,2024-05-28,2024-06-27,Month-to-Month,2,"MiFi Device",17,"4G LTE","Premium 60GB",Postpaid,Unlimited,No,No,Yes,"Debit Card",E-Bill,Churned,2025-04-08,"Monthly charges too high",Price,Yes,"Globacom Prime"
NXT-105912,Female,37,South,Rivers,"Port Harcourt",Consumer,No,No,1,2024-03-11,2024-03-11,2025-03-11,One-Year,2,Smartphone,4,Fiber,"Standard 30GB",Prepaid,Pay-as-you-go,No,No,Yes,"Bank Transfer",E-Bill,Active,NULL,,,Yes,"AirLink Mobile"
NXT-107778,Male,35,East,Anambra,Awka,Consumer,No,No,2,2024-07-27,2024-07-27,2024-08-26,Month-to-Month,1,Smartphone,10,Fiber,"Basic 10GB",Postpaid,"Bundled 500",No,No,No,"Debit Card",E-Bill,Active,NULL,,,No,
NXT-105655,Female,NULL,North,Kaduna,"Kaduna City",Consumer,No,No,1,2023-06-27,2023-06-27,2025-06-26,Two-Year,1,"Mobile Router",5,None,None,Postpaid,Unlimited,No,No,Yes,"Mobile Wallet","SMS Bill",Active,NULL,,,No,
NXT-111868,Female,42,East,Anambra,Onitsha,Consumer,No,Yes,3,2023-01-28,2023-01-28,2023-02-27,Month-to-Month,1,Smartphone,19,"4G LTE",Unlimited,Prepaid,"Bundled 500",No,No,No,"Debit Card",E-Bill,Active,NULL,,,Yes,"Globacom Prime"
NXT-106915,Male,36,Central,Plateau,Jos,Consumer,No,No,4,2024-05-27,2024-05-27,2024-06-26,Month-to-Month,1,"Mobile Router",53,None,None,Prepaid,"Bundled 2000",No,No,Yes,Auto-Debit,E-Bill,Churned,2024-11-12,"Slow internet speed",Network,Yes,"9Wave Telecom"
NXT-110336,Female,38,East,Abia,Aba,Consumer,No,Yes,3,2023-05-17,2023-05-17,2024-05-16,One-Year,1,Smartphone,9,DSL,"Basic 10GB",Postpaid,"Bundled 500",No,No,Yes,"Bank Transfer",E-Bill,Churned,2024-02-26,"Frequent network downtime",Network,No,
NXT-103947,Male,50,Central,FCT,Abuja,Enterprise,No,Yes,1,2023-11-07,2023-11-07,2023-12-07,Month-to-Month,10,Smartphone,13,DSL,"Basic 10GB",Postpaid,"Bundled 500",No,No,No,Auto-Debit,"Paper Bill",Active,NULL,,,No,
NXT-101887,Male,36,South,Delta,Warri,Consumer,No,No,1,2024-06-03,2024-06-03,2024-07-03,Month-to-Month,1,"Mobile Router",8,"4G LTE","Premium 60GB",Prepaid,Pay-as-you-go,No,Yes,Yes,"Bank Transfer",E-Bill,Churned,2024-10-15,"Relocated out of coverage area",Other,Yes,
NXT-105094,Male,38,Central,Niger,Minna,Consumer,No,No,3,2024-08-10,2024-08-10,2024-09-09,Month-to-Month,2,"MiFi Device",16,"4G LTE","Basic 10GB",Prepaid,"Bundled 500",Yes,Yes,No,USSD,"SMS Bill",Active,NULL,,,No,
NXT-108299,Male,26,South,"Cross River",Calabar,Consumer,No,Yes,6,2024-09-08,2024-09-08,2024-10-08,Month-to-Month,1,"Mobile Router",10,"4G LTE","Standard 30GB",Prepaid,Pay-as-you-go,Yes,No,Yes,USSD,E-Bill,Churned,2024-12-30,"Switched to competitor promotion",Competitor,Yes,"Globacom Prime"
NXT-109041,Male,44,West,Lagos,Ikeja,Consumer,No,Yes,NULL,2024-06-14,2024-06-14,2024-07-14,Month-to-Month,1,Tablet,14,DSL,Unlimited,Prepaid,"Bundled 2000",No,No,No,"Mobile Wallet","Paper Bill",Active,NULL,,,Yes,MTN-X
NXT-102855,Male,20,Central,FCT,Abuja,Consumer,No,No,3,2023-10-13,2023-10-13,2025-10-12,Two-Year,5,Smartphone,18,"4G LTE","Premium 60GB",Postpaid,Pay-as-you-go,No,No,Yes,Cash,E-Bill,Churned,2024-08-28,"Competitor offered better plan",Competitor,Yes,"9Wave Telecom"
NXT-111834,Female,35,East,Abia,Aba,Enterprise,No,No,1,2025-01-05,2025-01-05,2025-02-04,Month-to-Month,11,Smartphone,11,None,None,Prepaid,Pay-as-you-go,No,No,No,USSD,E-Bill,Churned,2025-09-20,,Price,Yes,MTN-X
NXT-104924,Female,55,Central,Kogi,Lokoja,SME,No,Yes,1,2023-07-26,2023-07-26,2023-08-25,Month-to-Month,1,Smartphone,50,"4G LTE","Standard 30GB",Prepaid,Pay-as-you-go,No,No,No,Cash,E-Bill,Active,NULL,,,Yes,"Globacom Prime"
NXT-107673,Male,35,North,Katsina,"Katsina City",Consumer,No,No,1,2024-01-23,2024-01-23,2026-01-22,Two-Year,1,"Mobile Router",NULL,Fiber,"Premium 60GB",Postpaid,Pay-as-you-go,No,No,No,"Mobile Wallet",E-Bill,Active,NULL,,,Yes,MTN-X
NXT-107611,Female,44,West,Ogun,Abeokuta,Consumer,No,Yes,3,2024-05-08,2024-05-08,2026-05-08,Two-Year,2,Smartphone,22,None,None,Prepaid,Unlimited,No,No,Yes,USSD,"Paper Bill",Active,NULL,,,Yes,"Globacom Prime"
NXT-109632,Female,25,South,Rivers,"Port Harcourt",Consumer,No,No,1,2024-03-05,2024-03-05,2026-03-05,Two-Year,2,Smartphone,10,Fiber,"Premium 60GB",Postpaid,Pay-as-you-go,No,No,No,Auto-Debit,E-Bill,Active,NULL,,,Yes,"Zenith Connect"
NXT-103918,Female,26,Central,Niger,Minna,Consumer,No,No,4,2025-04-06,2025-04-06,2025-05-06,Month-to-Month,2,Tablet,8,"4G LTE","Premium 60GB",Prepaid,"Bundled 500",No,No,No,"Debit Card",E-Bill,Active,NULL,,,No,
NXT-106258,Female,40,Central,Plateau,Jos,Consumer,No,No,1,2023-09-20,2023-09-20,2023-10-20,Month-to-Month,1,"MiFi Device",13,"4G LTE","Basic 10GB",Prepaid,"Bundled 500",No,No,No,USSD,E-Bill,Active,NULL,,,No,
NXT-100798,Female,40,Central,Niger,Minna,SME,No,Yes,1,2023-04-24,2023-04-24,2023-05-24,Month-to-Month,2,Tablet,22,"4G LTE","Premium 60GB",Postpaid,"Bundled 500",No,No,Yes,Auto-Debit,"SMS Bill",Active,NULL,,,Yes,"AirLink Mobile"
NXT-107853,Female,43,West,Oyo,Ibadan,Consumer,No,No,2,2024-09-27,2024-09-27,2024-10-27,Month-to-Month,1,Smartphone,3,Fiber,Unlimited,Postpaid,Pay-as-you-go,No,No,No,Auto-Debit,E-Bill,Active,NULL,,,No,
NXT-100925,Female,37,Central,Plateau,Jos,Consumer,No,Yes,1,2023-06-22,2023-06-22,2023-07-22,Month-to-Month,1,Smartphone,2,Fiber,"Premium 60GB",Prepaid,Pay-as-you-go,No,No,Yes,"Debit Card",E-Bill,Active,NULL,,,Yes,"Globacom Prime"
NXT-108768,Male,59,West,Ogun,Abeokuta,Consumer,No,No,2,2024-01-29,2024-01-29,2024-02-28,Month-to-Month,4,Smartphone,33,Fiber,"Basic 10GB",Postpaid,"Bundled 500",No,No,Yes,"Mobile Wallet",E-Bill,Active,NULL,,,No,
NXT-111941,Female,52,North,Katsina,"Katsina City",Consumer,No,Yes,1,2023-04-26,2023-04-26,2023-05-26,Month-to-Month,1,"Mobile Router",2,DSL,"Premium 60GB",Prepaid,"Bundled 2000",Yes,No,No,"Bank Transfer","SMS Bill",Active,NULL,,,Yes,MTN-X
NXT-101717,Female,28,Central,Niger,Minna,Consumer,No,No,2,2024-05-25,2024-05-25,2025-05-25,One-Year,3,"Mobile Router",13,"4G LTE","Standard 30GB",None,"Bundled 500",No,No,No,"Mobile Wallet","SMS Bill",Active,NULL,,,No,
NXT-108322,Female,28,East,Enugu,"Enugu City",Consumer,No,No,1,2024-01-06,2024-01-06,2024-02-05,Month-to-Month,1,Tablet,0,Fiber,"Premium 60GB",Prepaid,Pay-as-you-go,No,No,No,"Bank Transfer",E-Bill,Churned,2025-11-05,"Monthly charges too high",Price,Yes,"Zenith Connect"
NXT-104327,Male,24,West,Lagos,Ikeja,Consumer,No,Yes,3,2024-05-11,2024-05-11,2025-05-11,One-Year,1,Smartphone,5,Fiber,Unlimited,Prepaid,"Bundled 500",No,No,No,"Mobile Wallet",E-Bill,Active,NULL,,,Yes,"Globacom Prime"
NXT-108325,Female,31,West,Ondo,Akure,Consumer,No,No,2,2024-05-08,2024-05-08,2024-06-07,Month-to-Month,1,Smartphone,0,"4G LTE",Unlimited,Prepaid,"Bundled 500",No,No,No,USSD,"SMS Bill",Active,NULL,,,Yes,"Globacom Prime"
NXT-100508,Female,59,West,Lagos,"Lagos Island",Consumer,No,No,3,2024-04-08,2024-04-08,2025-04-08,One-Year,1,"Feature Phone",4,Fiber,"Premium 60GB",Postpaid,None,No,No,Yes,"Debit Card","Paper Bill",Churned,2024-09-18,"Unexpected billing charges",Price,No,
NXT-101438,Female,25,Central,FCT,Abuja,Consumer,No,No,NULL,2023-04-21,2023-04-21,2025-04-20,Two-Year,1,Smartphone,15,"4G LTE","Standard 30GB",Prepaid,Unlimited,Yes,No,No,Auto-Debit,E-Bill,Active,NULL,,,Yes,"Zenith Connect"
NXT-109790,Male,47,East,Imo,Owerri,Consumer,No,Yes,1,2023-03-26,2023-03-26,2024-03-25,One-Year,3,Tablet,1,"4G LTE",Unlimited,None,"Bundled 2000",Yes,No,No,"Debit Card","SMS Bill",Active,NULL,,,Yes,MTN-X
NXT-100137,Male,49,Central,Plateau,Jos,Consumer,No,Yes,2,2024-01-27,2024-01-27,2024-02-26,Month-to-Month,1,Tablet,19,5G,"Basic 10GB",Prepaid,"Bundled 2000",No,No,No,"Mobile Wallet",E-Bill,Churned,2025-12-23,"No longer needs service",Other,Yes,"Globacom Prime"
NXT-107087,Male,36,North,Kaduna,Zaria,Consumer,No,No,1,2023-07-08,2023-07-08,2024-07-07,One-Year,3,"Mobile Router",16,"4G LTE","Standard 30GB",Prepaid,Pay-as-you-go,Yes,No,No,USSD,"SMS Bill",Active,NULL,,,Yes,"9Wave Telecom"
NXT-114441,Female,48,East,Abia,Aba,Consumer,No,No,3,2023-10-15,2023-10-15,2023-11-14,Month-to-Month,2,Smartphone,10,5G,"Premium 60GB",Postpaid,None,No,No,Yes,Auto-Debit,"Paper Bill",Active,NULL,,,Yes,"AirLink Mobile"
NXT-102424,Female,21,South,"Cross River",Calabar,Consumer,No,No,2,2025-04-30,2025-04-30,2025-05-30,Month-to-Month,1,"Feature Phone",2,"4G LTE","Standard 30GB",Postpaid,"Bundled 2000",No,No,Yes,USSD,E-Bill,Active,NULL,,,Yes,"Globacom Prime"
NXT-109864,Female,47,Central,Niger,Minna,Enterprise,No,Yes,1,2024-03-10,2024-03-10,2025-03-10,One-Year,12,Smartphone,17,"4G LTE",Unlimited,Prepaid,"Bundled 500",No,No,Yes,USSD,E-Bill,Churned,2024-09-17,"Poor call quality",Network,Yes,"AirLink Mobile"
NXT-107101,Male,57,North,Kano,Wudil,Consumer,No,Yes,4,2024-06-30,2024-06-30,2024-07-30,Month-to-Month,2,Smartphone,30,"4G LTE","Standard 30GB",Prepaid,"Bundled 500",No,No,No,"Mobile Wallet",E-Bill,Churned,2024-07-22,"Poor customer service experience",Service,Yes,"Zenith Connect"
NXT-100953,Male,40,North,Kano,Wudil,Consumer,No,Yes,2,2023-06-17,2023-06-17,2024-06-16,One-Year,1,Smartphone,9,"4G LTE","Basic 10GB",Prepaid,"Bundled 2000",No,No,No,"Debit Card","SMS Bill",Active,NULL,,,No,
NXT-111882,Female,50,Central,FCT,Abuja,Consumer,No,No,1,2023-04-21,2023-04-21,2023-05-21,Month-to-Month,2,"Mobile Router",7,"4G LTE","Premium 60GB",Prepaid,"Bundled 2000",No,No,Yes,"Bank Transfer","SMS Bill",Active,NULL,,,Yes,
NXT-108753,Female,20,West,Oyo,Ibadan,Consumer,No,Yes,1,2024-10-12,2024-10-12,2025-10-12,One-Year,1,"Mobile Router",19,DSL,"Basic 10GB",Prepaid,"Bundled 500",No,No,No,"Bank Transfer",E-Bill,Active,NULL,,,Yes,
NXT-109762,Male,33,West,Ondo,Akure,Enterprise,No,Yes,1,2025-04-07,2025-04-07,2026-04-07,One-Year,19,"Mobile Router",29,5G,"Basic 10GB",Prepaid,"Bundled 500",Yes,No,No,Cash,"SMS Bill",Active,NULL,,,Yes,"AirLink Mobile"
NXT-104886,Female,44,Central,Niger,Minna,Consumer,No,No,2,2023-04-08,2023-04-08,2025-04-07,Two-Year,1,Smartphone,27,None,None,Prepaid,"Bundled 500",No,Yes,No,"Bank Transfer",E-Bill,Active,NULL,,,Yes,"9Wave Telecom"
NXT-114274,Female,38,East,Anambra,Awka,Consumer,No,No,4,2024-10-21,2024-10-21,2024-11-20,Month-to-Month,2,"Feature Phone",12,fiber,Unlimited,Prepaid,None,No,No,No,"Debit Card",E-Bill,Churned,2025-07-19,"Monthly charges too high",Price,Yes,"Globacom Prime"
NXT-112138,Female,47,East,Abia,Aba,Consumer,No,No,1,2023-09-11,2023-09-11,2023-10-11,Month-to-Month,4,Smartphone,10,DSL,"Standard 30GB",None,Unlimited,Yes,No,No,"Bank Transfer","Paper Bill",Active,NULL,,,Yes,"AirLink Mobile"
NXT-111588,Female,22,North,Sokoto,"Sokoto City",Consumer,No,Yes,4,2023-03-09,2023-03-09,2023-04-08,Month-to-Month,1,Smartphone,0,5G,Unlimited,Prepaid,"Bundled 2000",No,No,No,USSD,E-Bill,Active,NULL,,,No,
NXT-102977,Female,41,East,Imo,Owerri,SME,No,No,1,2024-03-24,2024-03-24,2024-04-23,Month-to-Month,1,Smartphone,9,DSL,"Basic 10GB",Postpaid,None,No,No,Yes,"Bank Transfer","SMS Bill",Active,NULL,,,Yes,"AirLink Mobile"
NXT-113099,Male,33,South,"Cross River",Calabar,Consumer,No,No,2,2024-03-05,2024-03-05,2024-04-04,Month-to-Month,2,Smartphone,17,"4G LTE","Standard 30GB",Prepaid,Pay-as-you-go,No,Yes,Yes,Cash,"SMS Bill",Active,NULL,,,Yes,"Globacom Prime"
NXT-110034,Male,42,East,Anambra,Awka,Consumer,No,Yes,1,2023-06-08,2023-06-08,2025-06-07,Two-Year,1,Smartphone,6,Fiber,"Basic 10GB",Postpaid,"Bundled 500",Yes,No,No,"Debit Card",E-Bill,Active,NULL,,,No,
NXT-105398,Male,36,North,Kano,Wudil,Enterprise,No,Yes,1,2024-01-30,2024-01-30,2024-02-29,Month-to-Month,12,Smartphone,29,Fiber,"Standard 30GB",Prepaid,"Bundled 2000",Yes,No,No,"Debit Card",E-Bill,Active,NULL,,,Yes,"9Wave Telecom"
NXT-100041,Male,24,West,Oyo,Ibadan,Consumer,No,No,1,2023-10-01,2023-10-01,2023-10-31,Month-to-Month,2,Smartphone,3,Fiber,"Premium 60GB",Prepaid,Pay-as-you-go,No,No,Yes,USSD,"SMS Bill",Churned,2025-08-26,"Family/friends referral to competitor",Competitor,No,
NXT-102421,Male,46,North,Katsina,"Katsina City",SME,No,Yes,1,2023-05-08,2023-05-08,2023-06-07,Month-to-Month,1,Smartphone,2,5G,"Standard 30GB",Postpaid,"Bundled 500",No,No,Yes,USSD,"SMS Bill",Churned,2025-03-11,"Monthly charges too high",Price,Yes,"Globacom Prime"
NXT-100112,Male,36,South,"Cross River",Calabar,Consumer,No,Yes,3,2023-07-31,2023-07-31,2023-08-30,Month-to-Month,2,Smartphone,1,Fiber,"Basic 10GB",Prepaid,"Bundled 2000",No,No,No,Auto-Debit,"SMS Bill",Active,NULL,,,No,
NXT-102889,Female,26,Central,FCT,Abuja,Enterprise,No,No,1,2023-09-29,2023-09-29,2024-09-28,One-Year,4,"Feature Phone",30,DSL,Unlimited,Prepaid,Pay-as-you-go,No,No,No,"Bank Transfer",E-Bill,Churned,2024-04-14,"Device incompatibility",Other,Yes,"Globacom Prime"
NXT-107487,Male,55,South,Delta,Asaba,SME,No,Yes,1,2023-06-16,2023-06-16,2023-07-16,Month-to-Month,2,Smartphone,7,None,None,Postpaid,Pay-as-you-go,Yes,No,No,Auto-Debit,"SMS Bill",Churned,2025-12-03,"Slow internet speed",Network,No,
NXT-107007,Male,31,West,Ogun,Abeokuta,Consumer,No,Yes,4,2024-08-27,2024-08-27,2026-08-27,Two-Year,2,Smartphone,3,None,None,Postpaid,"Bundled 500",No,No,Yes,"Debit Card",E-Bill,Active,NULL,,,Yes,"Globacom Prime"
NXT-103839,Female,32,South,"Akwa Ibom",Uyo,Consumer,No,No,2,2024-06-14,2024-06-14,2024-07-14,Month-to-Month,1,Smartphone,26,5G,"Premium 60GB",Prepaid,None,No,No,No,"Mobile Wallet","SMS Bill",Active,NULL,,,Yes,"Zenith Connect"
NXT-101935,Female,75,East,Imo,Owerri,Consumer,Yes,No,5,2025-02-05,2025-02-05,2025-03-07,Month-to-Month,1,Smartphone,16,"4G LTE","Basic 10GB",Prepaid,Pay-as-you-go,No,No,No,Auto-Debit,E-Bill,Active,NULL,,,No,
NXT-112509,Female,40,East,Imo,Owerri,Consumer,No,No,2,2023-11-07,2023-11-07,2025-11-06,Two-Year,2,Smartphone,8,DSL,"Premium 60GB",Prepaid,"Bundled 500",Yes,No,No,"Mobile Wallet",E-Bill,Active,NULL,,,Yes,"AirLink Mobile"
NXT-113882,Female,26,South,Delta,Warri,SME,No,No,1,2024-12-01,2024-12-01,2024-12-31,Month-to-Month,3,Smartphone,4,DSL,"Basic 10GB",Postpaid,"Bundled 500",No,No,Yes,"Mobile Wallet",E-Bill,Active,NULL,,,No,
NXT-108108,Female,36,South,"Cross River",Calabar,Consumer,No,No,3,2024-03-02,2024-03-02,2026-03-02,Two-Year,1,"Mobile Router",20,DSL,"Standard 30GB",Prepaid,"Bundled 500",No,No,No,USSD,"SMS Bill",Active,NULL,,,Yes,"Zenith Connect"
NXT-105651,Female,50,East,Imo,Owerri,Enterprise,No,No,1,2024-03-20,2024-03-20,2024-04-19,Month-to-Month,7,"MiFi Device",4,None,None,Postpaid,None,Yes,No,Yes,USSD,"SMS Bill",Churned,2024-06-10,"Long resolution time for complaints",Service,Yes,"Globacom Prime"
NXT-106882,Male,18,Central,Niger,Minna,Consumer,No,No,2,2024-08-26,2024-08-26,2026-08-26,Two-Year,1,"Feature Phone",3,DSL,"Basic 10GB",Prepaid,"Bundled 500",No,No,No,Auto-Debit,"Paper Bill",Active,NULL,,,No,
NXT-103459,Male,42,East,Abia,Aba,Consumer,No,Yes,1,2023-02-25,2023-02-25,2023-03-27,Month-to-Month,1,"Mobile Router",13,Fiber,"Standard 30GB",Prepaid,"Bundled 2000",No,No,No,Auto-Debit,E-Bill,Active,NULL,,,Yes,"Globacom Prime"
NXT-105552,Female,40,Central,FCT,Abuja,Consumer,No,No,2,2024-04-27,2024-04-27,2026-04-27,Two-Year,1,Smartphone,3,Fiber,Unlimited,Prepaid,Pay-as-you-go,Yes,No,No,"Debit Card","Paper Bill",Active,NULL,,,No,
NXT-114276,Female,32,East,Imo,Owerri,Enterprise,No,Yes,1,2023-06-21,2023-06-21,2025-06-20,Two-Year,8,Smartphone,27,DSL,"Standard 30GB",Postpaid,"Bundled 2000",Yes,No,Yes,Auto-Debit,"SMS Bill",Active,NULL,,,No,
NXT-105774,Female,43,North,Kaduna,"Kaduna City",Consumer,No,No,4,2025-01-03,2025-01-03,2025-02-02,Month-to-Month,1,Smartphone,NULL,DSL,"Standard 30GB",Prepaid,"Bundled 500",No,No,Yes,Cash,E-Bill,Active,NULL,,,No,
NXT-107965,Female,47,West,Oyo,Ibadan,Consumer,No,Yes,2,2023-08-22,2023-08-22,2024-08-21,One-Year,1,Smartphone,1,"4G LTE","Standard 30GB",Postpaid,"Bundled 500",No,No,Yes,"Bank Transfer",E-Bill,Active,NULL,,,Yes,"Zenith Connect"
NXT-101164,Female,53,East,Imo,Owerri,Enterprise,No,Yes,1,2023-05-30,2023-05-30,2025-05-29,Two-Year,13,Smartphone,46,Fiber,"Standard 30GB",Prepaid,"Bundled 500",No,No,Yes,"Mobile Wallet",E-Bill,Active,NULL,,,Yes,MTN-X
NXT-108784,Male,27,North,Sokoto,"Sokoto City",Consumer,No,No,1,2023-11-17,2023-11-17,2023-12-17,Month-to-Month,1,Smartphone,19,Fiber,"Standard 30GB",Prepaid,"Bundled 2000",No,No,No,Auto-Debit,"SMS Bill",Active,NULL,,,No,
NXT-108265,Male,25,East,Enugu,"Enugu City",SME,No,Yes,1,2024-09-24,2024-09-24,2024-10-24,Month-to-Month,1,Smartphone,NULL,None,None,None,"Bundled 500",No,No,No,USSD,E-Bill,Active,NULL,,,Yes,"9Wave Telecom"
NXT-113868,Male,37,West,Lagos,"Lagos Island",Consumer,No,No,1,2024-10-02,2024-10-02,2025-10-02,One-Year,3,Smartphone,17,Fiber,"Basic 10GB",Prepaid,"Bundled 500",No,No,Yes,"Debit Card","Paper Bill",Active,NULL,,,Yes,"AirLink Mobile"
NXT-101135,Female,27,South,"Akwa Ibom",Uyo,Consumer,No,Yes,2,2023-03-10,2023-03-10,2023-04-09,Month-to-Month,4,Tablet,5,None,None,Prepaid,Pay-as-you-go,No,Yes,Yes,"Mobile Wallet",E-Bill,Active,NULL,,,No,
NXT-100164,Male,55,East,Imo,Owerri,SME,No,No,1,2024-05-01,2024-05-01,2025-05-01,One-Year,1,"Mobile Router",0,5G,"Standard 30GB",Postpaid,"Bundled 500",No,No,No,Cash,"SMS Bill",Active,NULL,,,No,
NXT-108917,Male,36,East,Anambra,Onitsha,Consumer,No,No,3,2023-06-23,2023-06-23,2024-06-22,One-Year,1,Smartphone,53,None,None,Prepaid,"Bundled 500",No,No,No,USSD,"SMS Bill",Active,NULL,,,Yes,MTN-X
NXT-102207,Male,52,North,Sokoto,"Sokoto City",SME,No,No,1,2024-03-17,2024-03-17,2026-03-17,Two-Year,2,Smartphone,36,None,None,Prepaid,"Bundled 500",Yes,No,No,"Bank Transfer","Paper Bill",Active,NULL,,,Yes,"AirLink Mobile"
NXT-111832,Female,36,South,Rivers,"Port Harcourt",SME,No,Yes,1,2024-04-04,2024-04-04,2024-05-04,Month-to-Month,1,Smartphone,NULL,DSL,"Premium 60GB",Prepaid,Pay-as-you-go,No,No,Yes,Cash,E-Bill,Active,NULL,,,No,
NXT-101779,Female,44,West,Lagos,"Lagos Island",Consumer,No,Yes,2,2023-04-01,2023-04-01,2023-05-01,Month-to-Month,4,Smartphone,22,None,None,None,Unlimited,No,No,No,Cash,E-Bill,Churned,2025-05-09,"Family/friends referral to competitor",Competitor,Yes,"Globacom Prime"
NXT-107394,Male,43,North,Kano,Wudil,Consumer,No,No,1,2023-11-14,2023-11-14,2023-12-14,Month-to-Month,3,Smartphone,24,Fiber,"Standard 30GB",Postpaid,"Bundled 2000",No,Yes,No,Auto-Debit,"SMS Bill",Active,NULL,,,Yes,"9Wave Telecom"
NXT-107521,Female,40,East,Enugu,"Enugu City",Consumer,No,Yes,3,2024-03-22,2024-03-22,2024-04-21,Month-to-Month,2,Smartphone,13,Fiber,"Standard 30GB",Prepaid,"Bundled 2000",No,No,Yes,Cash,E-Bill,Active,NULL,,,Yes,"AirLink Mobile"
NXT-101246,Female,49,West,Oyo,Ibadan,Consumer,No,Yes,2,2023-07-08,2023-07-08,2023-08-07,Month-to-Month,1,Smartphone,10,"4G LTE","Premium 60GB",Prepaid,"Bundled 500",No,No,No,USSD,E-Bill,Active,NULL,,,No,
NXT-114824,Female,49,North,Katsina,"Katsina City",Consumer,No,Yes,2,2024-06-26,2024-06-26,2024-07-26,Month-to-Month,1,Smartphone,3,DSL,"Premium 60GB",Postpaid,"Bundled 500",No,No,Yes,Cash,"Paper Bill",Active,NULL,,,No,
NXT-114242,Male,27,West,Ogun,Abeokuta,Consumer,No,No,3,2024-10-04,2024-10-04,2025-10-04,One-Year,3,Smartphone,0,"4G LTE","Basic 10GB",Prepaid,None,No,No,No,USSD,"Paper Bill",Active,NULL,,,Yes,MTN-X
NXT-108089,Male,60,Central,FCT,Abuja,Consumer,Yes,Yes,1,2023-11-29,2023-11-29,2023-12-29,Month-to-Month,2,"Mobile Router",8,5G,"Standard 30GB",Postpaid,"Bundled 500",No,No,No,"Debit Card",E-Bill,Churned,2025-01-26,"Unexpected billing charges",Price,Yes,MTN-X
NXT-103628,Male,27,West,Oyo,Ibadan,Consumer,No,No,1,2023-10-06,2023-10-06,2024-10-05,One-Year,2,Smartphone,3,Fiber,"Premium 60GB",Prepaid,"Bundled 2000",No,No,Yes,USSD,E-Bill,Churned,2024-02-03,"Unexpected billing charges",Price,No,
NXT-113904,Male,54,Central,FCT,Abuja,Consumer,No,No,1,2024-02-19,2024-02-19,2025-02-18,One-Year,2,Smartphone,10,Fiber,"Basic 10GB",Postpaid,"Bundled 2000",No,Yes,Yes,Auto-Debit,"SMS Bill",Active,NULL,,,No,
NXT-105573,Male,72,East,Imo,Owerri,Consumer,Yes,No,1,2023-12-05,2023-12-05,2024-12-04,One-Year,4,Smartphone,25,5G,"Premium 60GB",Prepaid,"Bundled 500",Yes,No,No,"Mobile Wallet",E-Bill,Churned,2025-02-12,"Switched to competitor promotion",Competitor,Yes,"Zenith Connect"
NXT-106003,Female,37,West,Ondo,Akure,Consumer,No,No,6,2024-11-03,2024-11-03,2024-12-03,Month-to-Month,2,"MiFi Device",4,None,None,Postpaid,Unlimited,No,No,Yes,"Bank Transfer",E-Bill,Active,NULL,,,Yes,MTN-X
NXT-114762,Female,36,West,Lagos,Surulere,SME,No,Yes,1,2023-05-23,2023-05-23,2024-05-22,One-Year,2,Smartphone,26,Fiber,Unlimited,Prepaid,"Bundled 500",No,No,No,Cash,E-Bill,Churned,2024-12-05,"Frequent network downtime",Network,Yes,"Globacom Prime"
NXT-107547,Male,31,Central,Niger,Minna,Consumer,No,No,1,2024-05-21,2024-05-21,2024-06-20,Month-to-Month,2,Smartphone,7,DSL,"Basic 10GB",Prepaid,"Bundled 500",No,No,No,Auto-Debit,"SMS Bill",Active,NULL,,,No,
NXT-107137,Female,52,Central,Kogi,Lokoja,SME,No,No,1,2023-09-27,2023-09-27,2023-10-27,Month-to-Month,2,Smartphone,18,Fiber,"Basic 10GB",Prepaid,"Bundled 2000",No,No,No,"Debit Card",E-Bill,Churned,2025-05-14,"Unresolved technical issue",Service,Yes,MTN-X
NXT-105511,Female,53,Central,Kogi,Lokoja,Consumer,No,No,4,2024-09-28,2024-09-28,2024-10-28,Month-to-Month,1,"MiFi Device",1,"4G LTE",Unlimited,Postpaid,"Bundled 500",No,No,Yes,"Bank Transfer","SMS Bill",Churned,2025-08-01,"Slow internet speed",Network,No,
NXT-101422,Male,36,South,"Cross River",Calabar,Consumer,No,Yes,1,2024-02-07,2024-02-07,2026-02-06,Two-Year,2,Smartphone,4,None,None,Prepaid,"Bundled 2000",No,No,No,Auto-Debit,E-Bill,Active,NULL,,,Yes,MTN-X
NXT-107392,Female,53,Central,Kogi,Lokoja,Consumer,No,No,3,2023-04-15,2023-04-15,2023-05-15,Month-to-Month,1,"MiFi Device",12,"4G LTE","Premium 60GB",None,Pay-as-you-go,No,No,No,Cash,"SMS Bill",Active,NULL,,,Yes,"Zenith Connect"
NXT-108132,Female,52,East,Enugu,"Enugu City",Enterprise,No,Yes,1,2025-03-26,2025-03-26,2025-04-25,Month-to-Month,11,Smartphone,5,DSL,"Basic 10GB",Postpaid,Unlimited,Yes,No,Yes,Cash,E-Bill,Churned,2025-10-05,"No longer needs service",Other,Yes,"Zenith Connect"
NXT-105234,Male,32,West,Ogun,Abeokuta,Consumer,No,Yes,2,2024-08-14,2024-08-14,2024-09-13,Month-to-Month,1,Smartphone,60,"4G LTE","Basic 10GB",Prepaid,Pay-as-you-go,No,No,Yes,Auto-Debit,E-Bill,Active,NULL,,,No,
NXT-100585,Female,18,North,Katsina,"Katsina City",Consumer,No,No,1,2025-01-23,2025-01-23,2025-02-22,Month-to-Month,1,Smartphone,24,None,None,Postpaid,Pay-as-you-go,Yes,No,Yes,"Mobile Wallet","SMS Bill",Churned,2025-08-10,"Frequent network downtime",Network,Yes,"Globacom Prime"
NXT-102636,Male,39,North,Kano,"Kano City",SME,No,No,1,2024-12-01,2024-12-01,2024-12-31,Month-to-Month,2,"MiFi Device",0,5G,"Basic 10GB",Prepaid,"Bundled 500",No,Yes,Yes,Auto-Debit,E-Bill,Active,NULL,,,Yes,MTN-X
NXT-102328,Male,34,West,Oyo,Ibadan,Consumer,No,No,6,2023-04-16,2023-04-16,2024-04-15,One-Year,1,"MiFi Device",2,Fiber,"Premium 60GB",Prepaid,"Bundled 500",No,No,No,"Bank Transfer","SMS Bill",Active,NULL,,,Yes,"Zenith Connect"
NXT-111350,Male,18,East,Abia,Aba,SME,No,No,1,2024-05-19,2024-05-19,2025-05-19,One-Year,1,Smartphone,25,DSL,Unlimited,Postpaid,"Bundled 500",No,No,No,Auto-Debit,E-Bill,Active,NULL,,,No,
NXT-104588,Female,46,Central,FCT,Abuja,Consumer,No,No,4,2025-02-24,2025-02-24,2025-03-26,Month-to-Month,2,Smartphone,14,Fiber,Unlimited,None,Unlimited,No,Yes,No,Auto-Debit,"Paper Bill",Churned,2025-09-07,"Long resolution time for complaints",Service,Yes,"9Wave Telecom"
NXT-100827,Female,36,West,Ogun,Abeokuta,SME,No,No,1,2024-08-17,2024-08-17,2025-08-17,One-Year,5,Smartphone,9,Fiber,"Standard 30GB",Postpaid,"Bundled 2000",No,No,No,"Mobile Wallet","SMS Bill",Active,NULL,,,Yes,"AirLink Mobile"
NXT-110525,Male,43,West,Oyo,Ibadan,Enterprise,No,No,1,2023-05-03,2023-05-03,2023-06-02,Month-to-Month,6,"Mobile Router",10,"4G LTE",Unlimited,Prepaid,"Bundled 500",No,No,No,"Mobile Wallet",E-Bill,Active,NULL,,,No,
NXT-114370,Female,18,North,Kaduna,Zaria,SME,No,Yes,1,2024-10-30,2024-10-30,2025-10-30,One-Year,3,Smartphone,1,"4G LTE","Premium 60GB",Prepaid,"Bundled 500",Yes,No,No,Cash,E-Bill,Active,NULL,,,Yes,MTN-X
NXT-111764,Male,22,East,Abia,Aba,Consumer,No,No,1,2023-04-25,2023-04-25,2023-05-25,Month-to-Month,1,"MiFi Device",1,"4G LTE","Standard 30GB",Postpaid,"Bundled 2000",No,No,Yes,Auto-Debit,"Paper Bill",Active,NULL,,,Yes,
NXT-102527,Female,42,West,Ogun,Abeokuta,SME,No,No,1,2023-11-30,2023-11-30,2023-12-30,Month-to-Month,1,"Feature Phone",12,None,None,Prepaid,None,No,No,Yes,USSD,"SMS Bill",Churned,2025-10-12,"Poor call quality",Network,Yes,
NXT-105290,Female,25,Central,Kogi,Lokoja,Consumer,No,No,1,2023-09-07,2023-09-07,2024-09-06,One-Year,1,Smartphone,3,None,None,Prepaid,Unlimited,No,Yes,No,Auto-Debit,E-Bill,Active,NULL,,,No,
NXT-110509,Male,57,North,Kano,Wudil,Consumer,No,Yes,2,2025-02-12,2025-02-12,2025-03-14,Month-to-Month,3,Smartphone,7,NONE,None,Postpaid,"Bundled 500",No,No,No,"Mobile Wallet","SMS Bill",Active,NULL,,,Yes,"Globacom Prime"
NXT-105208,Female,38,Central,Kogi,Lokoja,Consumer,No,No,2,2024-11-26,2024-11-26,2025-11-26,One-Year,3,Smartphone,6,"4G LTE","Basic 10GB",Postpaid,"Bundled 2000",No,No,No,"Debit Card",E-Bill,Active,NULL,,,Yes,"9Wave Telecom"
NXT-114958,Male,33,East,Abia,Aba,Consumer,No,No,2,2024-06-30,2024-06-30,2024-07-30,Month-to-Month,2,Smartphone,13,Fiber,Unlimited,Postpaid,"Bundled 500",Yes,No,No,"Debit Card",E-Bill,Active,NULL,,,Yes,MTN-X
NXT-106927,Female,43,North,Kaduna,Zaria,Consumer,No,No,1,2024-07-17,2024-07-17,2024-08-16,Month-to-Month,1,Smartphone,15,"4G LTE","Standard 30GB",Prepaid,Pay-as-you-go,Yes,No,No,Cash,E-Bill,Churned,2024-10-16,"Poor customer service experience",Service,No,
NXT-107794,Female,45,West,Ogun,Abeokuta,SME,No,Yes,1,2023-11-30,2023-11-30,2023-12-30,Month-to-Month,1,Smartphone,9,Fiber,"Basic 10GB",Postpaid,"Bundled 500",No,No,No,"Bank Transfer",E-Bill,Active,NULL,,,No,
NXT-102247,Male,NULL,North,Kaduna,Zaria,Enterprise,No,Yes,1,2023-11-13,2023-11-13,2023-12-13,Month-to-Month,14,Smartphone,17,NONE,None,Prepaid,"Bundled 500",No,No,Yes,Cash,E-Bill,Active,NULL,,,Yes,"9Wave Telecom"
NXT-102853,Male,37,North,Kano,"Kano City",SME,No,No,1,2023-03-24,2023-03-24,2023-04-23,Month-to-Month,2,Smartphone,7,Fiber,"Standard 30GB",Postpaid,"Bundled 2000",No,No,Yes,Cash,"SMS Bill",Churned,2025-12-07,"Poor customer service experience",Service,Yes,"Globacom Prime"
NXT-101645,Female,38,South,"Akwa Ibom",Uyo,Consumer,No,No,1,2023-12-30,2023-12-30,2024-01-29,Month-to-Month,1,Smartphone,21,Fiber,"Standard 30GB",Prepaid,Pay-as-you-go,No,No,Yes,Auto-Debit,"Paper Bill",Active,NULL,,,Yes,"Globacom Prime"
NXT-108368,Male,21,West,Ogun,Abeokuta,Consumer,No,No,4,2024-03-14,2024-03-14,2024-04-13,Month-to-Month,2,Smartphone,1,"4G LTE",Unlimited,Postpaid,"Bundled 500",No,No,No,"Bank Transfer",E-Bill,Active,NULL,,,No,
NXT-111213,Female,34,North,Kaduna,"Kaduna City",Consumer,No,Yes,3,2023-03-04,2023-03-04,2024-03-03,One-Year,1,"MiFi Device",44,None,None,Postpaid,"Bundled 500",No,No,No,"Bank Transfer","Paper Bill",Active,NULL,,,Yes,"Globacom Prime"
NXT-110131,Male,44,East,Abia,Aba,Enterprise,No,No,1,2024-04-12,2024-04-12,2025-04-12,One-Year,13,"Mobile Router",2,None,None,Prepaid,"Bundled 500",No,No,No,"Bank Transfer","SMS Bill",Active,NULL,,,No,
NXT-108210,Male,44,Central,FCT,Abuja,Consumer,No,Yes,2,2024-03-23,2024-03-23,2025-03-23,One-Year,1,"MiFi Device",14,"4G LTE",Unlimited,Prepaid,"Bundled 500",No,No,Yes,USSD,"Paper Bill",Churned,2025-10-09,"Frequent network downtime",Network,Yes,"AirLink Mobile"
NXT-110014,Female,36,West,Oyo,Ibadan,SME,No,No,1,2023-05-29,2023-05-29,2023-06-28,Month-to-Month,1,Smartphone,12,DSL,Unlimited,Postpaid,"Bundled 500",Yes,No,Yes,"Mobile Wallet","SMS Bill",Active,NULL,,,No,
NXT-113729,Male,21,North,Katsina,"Katsina City",Consumer,No,Yes,1,2023-06-28,2023-06-28,2023-07-28,Month-to-Month,1,Smartphone,25,Fiber,Unlimited,None,"Bundled 2000",No,No,No,"Bank Transfer",E-Bill,Churned,2025-06-14,"Unresolved technical issue",Service,No,
NXT-110439,Male,27,West,Oyo,Ibadan,Consumer,No,No,1,2023-03-24,2023-03-24,2024-03-23,One-Year,1,Smartphone,7,None,None,Prepaid,"Bundled 500",No,No,No,"Bank Transfer",E-Bill,Active,NULL,,,Yes,"9Wave Telecom"
NXT-113685,Male,46,East,Anambra,Onitsha,Enterprise,No,No,1,2023-12-26,2023-12-26,2024-01-25,Month-to-Month,12,Smartphone,9,5G,"Premium 60GB",Prepaid,"Bundled 2000",Yes,No,No,"Bank Transfer",E-Bill,Churned,2024-02-04,"Slow internet speed",Network,Yes,"Globacom Prime"
NXT-113804,Female,NULL,West,Oyo,Ibadan,Enterprise,No,No,1,2024-01-07,2024-01-07,2025-01-06,One-Year,13,"MiFi Device",29,5G,"Standard 30GB",Postpaid,Pay-as-you-go,No,No,Yes,USSD,"SMS Bill",Active,NULL,,,No,
NXT-102476,Female,36,South,Rivers,"Port Harcourt",Consumer,No,No,4,2024-05-10,2024-05-10,2025-05-10,One-Year,2,Tablet,34,None,None,Prepaid,Pay-as-you-go,No,Yes,No,USSD,E-Bill,Active,NULL,,,No,
NXT-108087,Female,34,North,Katsina,"Katsina City",Consumer,No,Yes,1,2023-11-13,2023-11-13,2023-12-13,Month-to-Month,1,"Mobile Router",8,5G,"Standard 30GB",Prepaid,"Bundled 500",No,Yes,No,"Mobile Wallet","SMS Bill",Active,NULL,,,Yes,"Zenith Connect"
NXT-103116,Male,34,Central,Plateau,Jos,Consumer,No,No,1,2023-11-27,2023-11-27,2023-12-27,Month-to-Month,2,Smartphone,19,5G,"Basic 10GB",Postpaid,"Bundled 500",No,No,No,Cash,E-Bill,Active,NULL,,,No,
NXT-111946,Male,60,East,Enugu,"Enugu City",Consumer,Yes,No,1,2025-04-14,2025-04-14,2025-05-14,Month-to-Month,1,Smartphone,11,"4G LTE","Basic 10GB",Prepaid,Pay-as-you-go,No,No,No,Cash,E-Bill,Active,NULL,,,Yes,MTN-X
NXT-112905,Female,32,Central,Plateau,Jos,Consumer,No,No,NULL,2023-12-20,2023-12-20,2025-12-19,Two-Year,1,"Mobile Router",14,"4G LTE",Unlimited,Prepaid,Pay-as-you-go,No,No,Yes,"Bank Transfer",E-Bill,Active,NULL,,,Yes,MTN-X
NXT-109303,Female,25,West,Oyo,Ibadan,Consumer,No,No,4,2023-05-06,2023-05-06,2024-05-05,One-Year,1,"MiFi Device",9,"4G LTE",Unlimited,Prepaid,"Bundled 500",No,No,No,USSD,"SMS Bill",Active,NULL,,,Yes,"Zenith Connect"
NXT-110593,Female,45,Central,Plateau,Jos,SME,No,No,1,2023-05-24,2023-05-24,2025-05-23,Two-Year,2,Smartphone,26,None,None,Prepaid,"Bundled 2000",No,No,No,"Mobile Wallet",E-Bill,Churned,2023-09-07,"Unexpected billing charges",Price,No,
NXT-103623,Male,40,North,Kano,"Kano City",Consumer,No,No,3,2025-06-18,2025-06-18,2025-07-18,Month-to-Month,1,Smartphone,13,None,None,Postpaid,Unlimited,No,No,No,"Debit Card",E-Bill,Active,NULL,,,No,
NXT-103489,Female,31,South,Delta,Warri,Consumer,No,Yes,2,2024-08-12,2024-08-12,2026-08-12,Two-Year,5,"Mobile Router",2,DSL,"Standard 30GB",Postpaid,Pay-as-you-go,No,No,No,Auto-Debit,"SMS Bill",Active,NULL,,,Yes,"AirLink Mobile"
NXT-107154,Female,37,East,Enugu,"Enugu City",SME,No,No,1,2024-06-28,2024-06-28,2025-06-28,One-Year,1,"Mobile Router",2,5G,"Premium 60GB",Postpaid,"Bundled 500",No,No,Yes,"Bank Transfer",E-Bill,Active,NULL,,,Yes,"AirLink Mobile"
NXT-101178,Female,30,North,Kano,"Kano City",Consumer,No,No,3,2024-11-01,2024-11-01,2024-12-01,Month-to-Month,4,Smartphone,NULL,"4G LTE","Premium 60GB",Postpaid,Pay-as-you-go,No,No,No,"Bank Transfer","SMS Bill",Active,NULL,,,Yes,"Globacom Prime"
NXT-102829,Male,33,Central,Kogi,Lokoja,Consumer,No,Yes,1,2024-06-04,2024-06-04,2024-07-04,Month-to-Month,2,"MiFi Device",1,None,None,Prepaid,"Bundled 2000",No,Yes,Yes,Cash,"SMS Bill",Churned,2025-10-06,"Monthly charges too high",Price,Yes,MTN-X
NXT-104790,Female,55,East,Anambra,Awka,SME,No,Yes,1,2023-04-17,2023-04-17,2023-05-17,Month-to-Month,1,"Mobile Router",38,"4G LTE","Basic 10GB",Prepaid,Pay-as-you-go,No,No,No,Cash,"Paper Bill",Active,NULL,,,Yes,"9Wave Telecom"
NXT-109294,Male,57,North,Kaduna,Zaria,Consumer,No,No,2,2023-11-28,2023-11-28,2024-11-27,One-Year,3,Smartphone,2,None,None,Postpaid,Pay-as-you-go,No,Yes,No,"Mobile Wallet","SMS Bill",Churned,2024-03-29,"Poor customer service experience",Service,No,
NXT-106294,Female,51,South,Delta,Asaba,Consumer,No,No,4,2023-11-24,2023-11-24,2023-12-24,Month-to-Month,1,Smartphone,30,5G,Unlimited,Postpaid,Pay-as-you-go,No,No,Yes,USSD,E-Bill,Active,NULL,,,Yes,"Zenith Connect"
NXT-108680,Female,52,West,Lagos,"Lagos Island",Consumer,No,No,3,2023-07-09,2023-07-09,2023-08-08,Month-to-Month,1,"Mobile Router",9,Fiber,"Basic 10GB",Postpaid,"Bundled 500",No,No,No,"Mobile Wallet",E-Bill,Active,NULL,,,Yes,"Globacom Prime"
NXT-113041,Male,38,Central,Plateau,Jos,SME,No,Yes,1,2024-02-20,2024-02-20,2026-02-19,Two-Year,2,Smartphone,27,"4G LTE","Standard 30GB",Postpaid,"Bundled 2000",No,No,No,"Mobile Wallet",E-Bill,Active,NULL,,,No,
NXT-112650,Male,42,North,Kano,Wudil,Consumer,No,No,1,2024-03-17,2024-03-17,2026-03-17,Two-Year,2,"MiFi Device",16,"4G LTE",Unlimited,Postpaid,"Bundled 500",No,No,Yes,USSD,"SMS Bill",Active,NULL,,,No,
NXT-111906,Male,36,Central,Kogi,Lokoja,Consumer,No,Yes,1,2023-03-27,2023-03-27,2024-03-26,One-Year,2,Smartphone,1,Fiber,"Basic 10GB",Prepaid,"Bundled 2000",No,No,No,"Bank Transfer","SMS Bill",Active,NULL,,,Yes,MTN-X
NXT-100449,Female,31,North,Sokoto,"Sokoto City",Consumer,No,No,3,2025-05-23,2025-05-23,2025-06-22,Month-to-Month,1,"MiFi Device",46,Fiber,"Premium 60GB",Prepaid,"Bundled 500",No,No,Yes,Cash,E-Bill,Churned,2025-08-07,"Switched to competitor promotion",Competitor,No,
NXT-113668,Male,53,East,Enugu,"Enugu City",Consumer,No,No,2,2024-01-08,2024-01-08,2024-02-07,Month-to-Month,1,Smartphone,59,DSL,Unlimited,Postpaid,Pay-as-you-go,No,No,No,USSD,E-Bill,Active,NULL,,,No,
NXT-106071,Male,26,East,Abia,Aba,Consumer,No,No,6,2024-04-02,2024-04-02,2025-04-02,One-Year,1,Smartphone,6,"4G LTE","Basic 10GB",Prepaid,Pay-as-you-go,No,No,No,Cash,"Paper Bill",Active,NULL,,,No,
NXT-114485,Female,53,Central,Niger,Minna,Consumer,No,Yes,4,2023-03-16,2023-03-16,2023-04-15,Month-to-Month,1,Smartphone,11,DSL,"Standard 30GB",Postpaid,"Bundled 500",No,No,No,Cash,E-Bill,Active,NULL,,,Yes,MTN-X
NXT-101060,Male,30,West,Oyo,Ibadan,Consumer,No,No,1,2024-08-16,2024-08-16,2024-09-15,Month-to-Month,2,"Feature Phone",47,None,None,Prepaid,"Bundled 2000",No,No,No,USSD,"SMS Bill",Active,NULL,,,No,
NXT-113975,Female,18,Central,Kogi,Lokoja,SME,No,No,1,2024-05-22,2024-05-22,2024-06-21,Month-to-Month,4,Smartphone,10,Fiber,"Basic 10GB",Postpaid,Unlimited,Yes,No,No,Cash,"SMS Bill",Active,NULL,,,Yes,"AirLink Mobile"
NXT-100405,Male,18,South,Delta,Warri,Consumer,No,Yes,4,2024-04-27,2024-04-27,2024-05-27,Month-to-Month,1,Smartphone,18,Dsl,"Basic 10GB",Prepaid,Pay-as-you-go,No,No,No,"Mobile Wallet",E-Bill,Active,NULL,,,Yes,MTN-X
NXT-106155,Female,43,West,Ogun,Abeokuta,Consumer,No,No,1,2025-09-15,2025-09-15,2025-10-15,Month-to-Month,1,Smartphone,29,"4G LTE",Unlimited,Prepaid,Unlimited,No,Yes,Yes,"Mobile Wallet","SMS Bill",Active,NULL,,,Yes,MTN-X
NXT-103244,Female,26,West,Ogun,Abeokuta,Enterprise,No,No,1,2024-01-10,2024-01-10,2026-01-09,Two-Year,10,Smartphone,60,Fiber,"Basic 10GB",Prepaid,Pay-as-you-go,No,No,No,Auto-Debit,"Paper Bill",Active,NULL,,,No,
NXT-109472,Male,48,East,Imo,Owerri,Consumer,No,Yes,3,2024-01-30,2024-01-30,2025-01-29,One-Year,1,Smartphone,12,DSL,Unlimited,Postpaid,"Bundled 500",No,No,Yes,Cash,"Paper Bill",Active,NULL,,,No,
NXT-102153,Female,NULL,South,"Akwa Ibom",Uyo,Consumer,No,No,4,2024-07-04,2024-07-04,2024-08-03,Month-to-Month,1,"Mobile Router",14,Fiber,"Standard 30GB",Prepaid,"Bundled 500",No,No,Yes,"Debit Card","SMS Bill",Active,NULL,,,Yes,"AirLink Mobile"
NXT-113872,Male,27,Central,Kogi,Lokoja,Enterprise,No,No,1,2024-01-04,2024-01-04,2026-01-03,Two-Year,10,"Mobile Router",14,DSL,"Basic 10GB",None,Unlimited,Yes,No,No,"Bank Transfer",E-Bill,Active,NULL,,,No,
NXT-105414,Female,29,North,Sokoto,"Sokoto City",Consumer,No,No,3,2023-05-27,2023-05-27,2023-06-26,Month-to-Month,1,"MiFi Device",13,"4G LTE",Unlimited,Prepaid,"Bundled 500",No,No,No,Cash,E-Bill,Churned,2023-08-26,"Unresolved technical issue",Service,Yes,"Zenith Connect"
NXT-114659,Female,27,North,Kano,"Kano City",Consumer,No,No,1,2024-02-16,2024-02-16,2025-02-15,One-Year,4,Smartphone,7,None,None,Prepaid,"Bundled 2000",No,No,Yes,Cash,"SMS Bill",Active,NULL,,,No,
NXT-106724,Male,43,West,Lagos,"Lagos Island",Consumer,No,Yes,1,2024-06-15,2024-06-15,2024-07-15,Month-to-Month,1,Smartphone,60,DSL,"Standard 30GB",Prepaid,Pay-as-you-go,No,No,No,USSD,"SMS Bill",Active,NULL,,,No,
NXT-100237,Male,50,West,Lagos,Lekki,Consumer,No,No,3,2024-01-11,2024-01-11,2024-02-10,Month-to-Month,1,Smartphone,10,Fiber,"Basic 10GB",Prepaid,"Bundled 500",Yes,No,No,"Bank Transfer","Paper Bill",Churned,2024-05-12,"Family/friends referral to competitor",Competitor,No,
NXT-107701,Male,40,South,"Cross River",Calabar,Consumer,No,No,2,2023-11-12,2023-11-12,2024-11-11,One-Year,5,Smartphone,31,DSL,"Premium 60GB",Prepaid,Pay-as-you-go,Yes,No,Yes,USSD,E-Bill,Churned,2024-12-26,"Switched to competitor promotion",Competitor,No,
NXT-113283,Male,25,North,Sokoto,"Sokoto City",SME,No,No,1,2023-08-23,2023-08-23,2023-09-22,Month-to-Month,1,Smartphone,16,Fiber,"Standard 30GB",Prepaid,"Bundled 500",No,No,Yes,USSD,E-Bill,Active,NULL,,,Yes,
NXT-114103,Female,27,North,Katsina,"Katsina City",Consumer,No,No,1,2024-09-30,2024-09-30,2024-10-30,Month-to-Month,2,"MiFi Device",18,"4G LTE","Basic 10GB",None,Unlimited,No,No,No,"Bank Transfer",E-Bill,Churned,2025-02-02,"Poor call quality",Network,Yes,"Zenith Connect"
NXT-103444,Female,52,Central,FCT,Abuja,Consumer,No,Yes,2,2024-08-30,2024-08-30,2024-09-29,Month-to-Month,1,Smartphone,0,"4G LTE","Premium 60GB",Postpaid,"Bundled 500",No,No,No,"Bank Transfer",E-Bill,Active,NULL,,,Yes,"9Wave Telecom"
NXT-106406,Male,27,North,Katsina,"Katsina City",SME,No,No,1,2024-07-27,2024-07-27,2024-08-26,Month-to-Month,3,Smartphone,9,5G,"Premium 60GB",Prepaid,None,Yes,No,Yes,USSD,E-Bill,Active,NULL,,,No,
NXT-108567,Female,18,East,Anambra,Onitsha,Consumer,No,No,3,2023-06-01,2023-06-01,2023-07-01,Month-to-Month,1,Tablet,23,Fiber,Unlimited,Prepaid,Pay-as-you-go,Yes,No,Yes,"Debit Card","Paper Bill",Churned,2024-07-26,"Competitor offered better plan",Competitor,Yes,"AirLink Mobile"
NXT-101002,Male,23,South,Delta,Warri,Consumer,No,No,3,2025-06-01,2025-06-01,2027-06-01,Two-Year,1,"Mobile Router",21,Fiber,"Standard 30GB",Postpaid,"Bundled 2000",No,No,Yes,Cash,E-Bill,Active,NULL,,,Yes,"Zenith Connect"
NXT-109434,Male,39,East,Anambra,Awka,Consumer,No,Yes,3,2023-12-29,2023-12-29,2024-01-28,Month-to-Month,1,Smartphone,2,"4G Lte","Standard 30GB",Postpaid,Pay-as-you-go,No,No,No,"Mobile Wallet","SMS Bill",Churned,2024-02-11,"Slow internet speed",Network,No,
NXT-105706,Male,NULL,Central,Niger,Minna,SME,No,No,1,2025-03-23,2025-03-23,2025-04-22,Month-to-Month,2,Smartphone,2,None,None,Postpaid,"Bundled 500",No,No,No,"Bank Transfer",E-Bill,Active,NULL,,,Yes,"Zenith Connect"
NXT-110674,Female,42,South,"Cross River",Calabar,Enterprise,No,No,1,2024-07-22,2024-07-22,2026-07-22,Two-Year,10,"Feature Phone",4,Fiber,"Premium 60GB",Prepaid,Pay-as-you-go,No,No,No,Cash,"SMS Bill",Active,NULL,,,Yes,"Zenith Connect"
NXT-102344,Female,30,South,"Cross River",Calabar,Consumer,No,No,1,2025-05-18,2025-05-18,2025-06-17,Month-to-Month,1,Smartphone,7,None,None,Prepaid,"Bundled 2000",No,No,Yes,USSD,E-Bill,Active,NULL,,,Yes,"AirLink Mobile"
NXT-100650,Female,65,Central,Niger,Minna,SME,Yes,No,1,2024-01-06,2024-01-06,2024-02-05,Month-to-Month,3,"Mobile Router",0,Fiber,"Standard 30GB",Prepaid,Unlimited,No,No,No,"Bank Transfer","SMS Bill",Active,NULL,,,No,
NXT-111062,Female,26,North,Katsina,"Katsina City",SME,No,No,1,2024-04-02,2024-04-02,2025-04-02,One-Year,2,Smartphone,17,Fiber,Unlimited,Prepaid,"Bundled 2000",No,No,No,"Mobile Wallet",E-Bill,Active,NULL,,,No,
NXT-112848,Male,28,East,Imo,Owerri,Enterprise,No,No,1,2024-08-02,2024-08-02,2025-08-02,One-Year,18,"Feature Phone",6,DSL,Unlimited,Prepaid,"Bundled 2000",No,No,Yes,Cash,E-Bill,Active,NULL,,,No,
NXT-101977,Female,26,East,Abia,Aba,Consumer,No,Yes,3,2025-04-26,2025-04-26,2025-05-26,Month-to-Month,2,Smartphone,0,DSL,"Basic 10GB",Prepaid,Pay-as-you-go,No,No,No,"Mobile Wallet",E-Bill,Churned,2025-06-28,"Frequent network downtime",Network,Yes,"Zenith Connect"
NXT-106073,Female,19,East,Imo,Owerri,SME,No,Yes,1,2024-07-30,2024-07-30,2024-08-29,Month-to-Month,2,Smartphone,3,"4G LTE","Basic 10GB",None,Unlimited,No,No,No,"Bank Transfer",E-Bill,Active,NULL,,,Yes,"Globacom Prime"
NXT-113971,Female,42,Central,Kogi,Lokoja,Enterprise,No,Yes,1,2024-08-01,2024-08-01,2024-08-31,Month-to-Month,10,Smartphone,23,FIBER,Unlimited,Prepaid,"Bundled 2000",Yes,Yes,Yes,"Debit Card",E-Bill,Active,NULL,,,No,
NXT-114767,Female,40,Central,Niger,Minna,Consumer,No,No,1,2023-05-19,2023-05-19,2024-05-18,One-Year,1,Smartphone,22,"4G LTE","Standard 30GB",Prepaid,Unlimited,No,Yes,No,USSD,E-Bill,Active,NULL,,,Yes,"Globacom Prime"
NXT-106467,Male,23,North,Katsina,"Katsina City",Consumer,No,No,NULL,2025-03-08,2025-03-08,2025-04-07,Month-to-Month,2,"Feature Phone",8,"4G LTE","Premium 60GB",Prepaid,Pay-as-you-go,No,Yes,Yes,"Bank Transfer","SMS Bill",Churned,2025-09-03,"Poor customer service experience",Service,No,
NXT-106709,Female,49,East,Anambra,Awka,Enterprise,No,No,1,2023-10-19,2023-10-19,2023-11-18,Month-to-Month,11,Smartphone,10,5G,"Basic 10GB",Prepaid,"Bundled 2000",No,No,No,"Mobile Wallet",E-Bill,Active,NULL,,,Yes,"Zenith Connect"
NXT-112786,Female,47,North,Kaduna,"Kaduna City",Consumer,No,No,3,2023-09-17,2023-09-17,2023-10-17,Month-to-Month,1,Smartphone,20,none,None,Postpaid,"Bundled 500",No,No,No,USSD,E-Bill,Active,NULL,,,Yes,"AirLink Mobile"
NXT-103580,Male,45,South,Rivers,"Port Harcourt",Consumer,No,No,2,2023-12-28,2023-12-28,2024-12-27,One-Year,2,Smartphone,5,DSL,"Standard 30GB",Postpaid,Pay-as-you-go,No,No,No,"Bank Transfer","SMS Bill",Active,NULL,,,Yes,"Zenith Connect"
NXT-102475,Female,38,North,Sokoto,"Sokoto City",Consumer,No,No,1,2023-12-03,2023-12-03,2025-12-02,Two-Year,1,Smartphone,10,DSL,"Basic 10GB",Postpaid,Pay-as-you-go,No,No,No,"Bank Transfer",E-Bill,Active,NULL,,,No,
NXT-106661,Male,30,North,Sokoto,"Sokoto City",Consumer,No,No,1,2024-12-14,2024-12-14,2025-01-13,Month-to-Month,1,Smartphone,1,Fiber,"Premium 60GB",Prepaid,"Bundled 500",Yes,No,No,Auto-Debit,"Paper Bill",Active,NULL,,,Yes,"Globacom Prime"
NXT-105303,Female,36,North,Kano,"Kano City",Enterprise,No,No,1,2023-09-25,2023-09-25,2025-09-24,Two-Year,13,Smartphone,10,Fiber,"Premium 60GB",Prepaid,"Bundled 500",No,No,No,"Bank Transfer","Paper Bill",Active,NULL,,,Yes,"Globacom Prime"
NXT-112478,Female,39,East,Anambra,Awka,Consumer,No,Yes,1,2024-03-10,2024-03-10,2025-03-10,One-Year,1,Smartphone,9,"4G LTE","Standard 30GB",Postpaid,"Bundled 2000",Yes,No,No,Cash,"Paper Bill",Active,NULL,,,Yes,MTN-X
NXT-106466,Female,45,East,Abia,Aba,Consumer,No,No,5,2023-04-19,2023-04-19,2023-05-19,Month-to-Month,1,Smartphone,15,"4G LTE","Standard 30GB",Postpaid,Pay-as-you-go,No,No,No,"Mobile Wallet",E-Bill,Churned,2023-07-12,"Frequent network downtime",Network,No,
NXT-100402,Female,31,Central,FCT,Abuja,Consumer,No,No,1,2023-05-19,2023-05-19,2024-05-18,One-Year,1,Smartphone,3,5G,Unlimited,Postpaid,Pay-as-you-go,No,No,No,"Mobile Wallet","Paper Bill",Active,NULL,,,No,
NXT-111867,Female,26,Central,FCT,Abuja,SME,No,No,1,2024-05-06,2024-05-06,2025-05-06,One-Year,2,Smartphone,5,"4G LTE","Basic 10GB",Prepaid,"Bundled 2000",No,Yes,No,"Debit Card","Paper Bill",Active,NULL,,,Yes,"AirLink Mobile"
NXT-112606,Female,26,East,Abia,Aba,Consumer,No,Yes,1,2023-11-12,2023-11-12,2024-11-11,One-Year,1,Smartphone,24,Fiber,Unlimited,Postpaid,Pay-as-you-go,No,No,Yes,USSD,"SMS Bill",Active,NULL,,,Yes,MTN-X
NXT-101442,Female,44,East,Anambra,Onitsha,Consumer,No,No,4,2023-05-05,2023-05-05,2023-06-04,Month-to-Month,2,Smartphone,6,"4G LTE","Standard 30GB",Postpaid,Unlimited,No,No,No,"Bank Transfer","Paper Bill",Churned,2025-12-21,"No longer needs service",Other,Yes,"Zenith Connect"
NXT-114950,Female,41,West,Ondo,Akure,Consumer,No,Yes,2,2024-01-26,2024-01-26,2025-01-25,One-Year,1,"MiFi Device",39,None,None,Postpaid,"Bundled 500",No,No,No,"Mobile Wallet","SMS Bill",Churned,2025-09-19,"Slow internet speed",Network,Yes,"Globacom Prime"
NXT-109374,Male,43,Central,Kogi,Lokoja,Consumer,No,No,2,2025-07-18,2025-07-18,2026-07-18,One-Year,1,"Feature Phone",8,DSL,"Standard 30GB",Prepaid,"Bundled 500",No,No,No,"Mobile Wallet",E-Bill,Active,NULL,,,Yes,MTN-X
NXT-110934,Female,18,West,Oyo,Ibadan,Consumer,No,Yes,2,2024-01-26,2024-01-26,2025-01-25,One-Year,1,Smartphone,3,DSL,"Basic 10GB",Prepaid,None,No,No,Yes,Auto-Debit,"Paper Bill",Active,NULL,,,No,
NXT-105740,Male,35,North,Sokoto,"Sokoto City",SME,No,No,1,2024-05-31,2024-05-31,2024-06-30,Month-to-Month,1,Smartphone,13,"4G LTE","Basic 10GB",Prepaid,Unlimited,No,Yes,Yes,Cash,E-Bill,Active,NULL,,,Yes,"Globacom Prime"
NXT-106530,Female,21,East,Enugu,"Enugu City",Consumer,No,No,3,2023-12-20,2023-12-20,2024-01-19,Month-to-Month,2,"MiFi Device",2,"4G LTE","Standard 30GB",Prepaid,"Bundled 500",No,No,No,"Bank Transfer","SMS Bill",Active,NULL,,,No,
NXT-114208,Male,30,West,Oyo,Ibadan,Enterprise,No,No,1,2025-03-06,2025-03-06,2026-03-06,One-Year,13,"Mobile Router",4,"4G LTE","Basic 10GB",Postpaid,"Bundled 500",No,No,No,"Bank Transfer","Paper Bill",Active,NULL,,,No,
NXT-114298,Male,48,Central,Kogi,Lokoja,Consumer,No,No,2,2023-09-17,2023-09-17,2025-09-16,Two-Year,2,"MiFi Device",17,"4G LTE","Standard 30GB",Postpaid,Pay-as-you-go,Yes,Yes,Yes,"Debit Card",E-Bill,Churned,2023-12-04,"Poor call quality",Network,Yes,"AirLink Mobile"
NXT-103511,Female,34,Central,Kogi,Lokoja,Consumer,No,No,4,2024-02-15,2024-02-15,2024-03-16,Month-to-Month,2,Smartphone,10,Fiber,"Standard 30GB",Postpaid,"Bundled 2000",No,No,No,USSD,"Paper Bill",Active,NULL,,,No,
NXT-108673,Male,50,West,Lagos,Surulere,Consumer,No,No,1,2024-12-08,2024-12-08,2025-12-08,One-Year,1,Smartphone,30,"4G LTE","Premium 60GB",Postpaid,Pay-as-you-go,No,No,No,Cash,E-Bill,Active,NULL,,,Yes,"Zenith Connect"
